excel him 뜻이 뭔가요?,https://kin.naver.com/qna/detail.naver?d1id=11&dirId=11080304&docId=480176092&qb=ZXhjZWw=&enc=utf8
Excel에서 범위를 변수로 지정하는 방법,https://kin.naver.com/qna/detail.naver?d1id=1&dirId=102020101&docId=480931827&qb=ZXhjZWw=&enc=utf8
[EXCEL]월 실적서 SUM 함수먹였는데... ,https://kin.naver.com/qna/detail.naver?d1id=1&dirId=102020101&docId=484211236&qb=ZXhjZWw=&enc=utf8
[Microsoft Excel] 저장 관련... ,https://kin.naver.com/qna/detail.naver?d1id=1&dirId=102020101&docId=483056453&qb=ZXhjZWw=&enc=utf8
한국에서 영국 런던 excel london 가는법,https://kin.naver.com/qna/detail.naver?d1id=9&dirId=9020301&docId=471311189&qb=ZXhjZWw=&enc=utf8
excel 파일 저장을 햇는데,https://kin.naver.com/qna/detail.naver?d1id=1&dirId=102020101&docId=475442764&qb=ZXhjZWw=&enc=utf8
Excel 날짜만 한번에 변경할수 있는... ,https://kin.naver.com/qna/detail.naver?d1id=1&dirId=102020101&docId=478147067&qb=ZXhjZWw=&enc=utf8
"excel 어떻게 고치나요, 내공 200... ",https://kin.naver.com/qna/detail.naver?d1id=1&dirId=102020101&docId=472647728&qb=ZXhjZWw=&enc=utf8
excel 계산 중 sum 합계가 되지 않습니다,https://kin.naver.com/qna/detail.naver?d1id=1&dirId=102020101&docId=478644926&qb=ZXhjZWw=&enc=utf8
"오피스365 word,PPT,excel 새문서 오류",https://kin.naver.com/qna/detail.naver?d1id=1&dirId=102020103&docId=477677725&qb=ZXhjZWw=&enc=utf8
