여중생 익선동 놀거리 추천!,https://kin.naver.com/qna/detail.naver?d1id=12&dirId=1201&docId=482507281&qb=7J217ISg64+Z&enc=utf8
익선동 소개팅 2차 장소 추천... ,https://kin.naver.com/qna/detail.naver?d1id=12&dirId=12013751&docId=480537059&qb=7J217ISg64+Z&enc=utf8
"안국동, 익선동 데이트 코스",https://kin.naver.com/qna/detail.naver?d1id=8&dirId=80101&docId=469741085&qb=7J217ISg64+Z&enc=utf8
서울 익선동?놀거리 추천,https://kin.naver.com/qna/detail.naver?d1id=9&dirId=90106&docId=476524204&qb=7J217ISg64+Z&enc=utf8
을지로&익선동 느낌의 어딘가?,https://kin.naver.com/qna/detail.naver?d1id=12&dirId=12013827&docId=478628937&qb=7J217ISg64+Z&enc=utf8
종로 익선동 주차가능 고기집,https://kin.naver.com/qna/detail.naver?d1id=12&dirId=12013751&docId=433551704&qb=7J217ISg64+Z&enc=utf8
익선동 데이트 맛집,https://kin.naver.com/qna/detail.naver?d1id=12&dirId=12013751&docId=473748933&qb=7J217ISg64+Z&enc=utf8
달랭이 익선동 대창 전골 맛집으로... ,https://kin.naver.com/qna/detail.naver?d1id=8&dirId=8020104&docId=477068468&qb=7J217ISg64+Z&enc=utf8
익선동 갈만한곳 추천 내일 당장이여서... ,https://kin.naver.com/qna/detail.naver?d1id=8&dirId=802&docId=481897449&qb=7J217ISg64+Z&enc=utf8
익선동여행,https://kin.naver.com/qna/detail.naver?d1id=9&dirId=90107&docId=425486936&qb=7J217ISg64+Z&enc=utf8
명동이 옷이 더 많나요 아니면 익선동,https://kin.naver.com/qna/detail.naver?d1id=8&dirId=8040102&docId=453375256&qb=7J217ISg64+Z&enc=utf8
익선동 마제 소바 맛집 초이다이닝 추천... ,https://kin.naver.com/qna/detail.naver?d1id=8&dirId=80208&docId=476192517&qb=7J217ISg64+Z&enc=utf8
익선동 질문,https://kin.naver.com/qna/detail.naver?d1id=9&dirId=90106&docId=449747205&qb=7J217ISg64+Z&enc=utf8
서울 익선동 한옥거리,https://kin.naver.com/qna/detail.naver?d1id=9&dirId=90110&docId=456981119&qb=7J217ISg64+Z&enc=utf8
익선동 도시 내부 구조상,https://kin.naver.com/qna/detail.naver?d1id=12&dirId=12013751&docId=470868693&qb=7J217ISg64+Z&enc=utf8
익선동거리 명칭,https://kin.naver.com/qna/detail.naver?d1id=12&dirId=12013751&docId=424629044&qb=7J217ISg64+Z&enc=utf8
지명 익선동 한자이름좀,https://kin.naver.com/qna/detail.naver?d1id=11&dirId=11080202&docId=408479211&qb=7J217ISg64+Z&enc=utf8
서울 성수동 카페거리랑 익선동 한옥마,https://kin.naver.com/qna/detail.naver?d1id=9&dirId=90106&docId=444950424&qb=7J217ISg64+Z&enc=utf8
#익선동 볼거리,https://kin.naver.com/qna/detail.naver?d1id=2&dirId=2011404&docId=458374050&qb=7J217ISg64+Z&enc=utf8
익선동 평일 저녁,https://kin.naver.com/qna/detail.naver?d1id=12&dirId=12013751&docId=437626775&qb=7J217ISg64+Z&enc=utf8
익선동 인사동 북촌,https://kin.naver.com/qna/detail.naver?d1id=12&dirId=120137&docId=424155662&qb=7J217ISg64+Z&enc=utf8
익선동이 가까워 대학로가 가깝나요??,https://kin.naver.com/qna/detail.naver?d1id=8&dirId=81204&docId=448934021&qb=7J217ISg64+Z&enc=utf8
익선동 놀거리,https://kin.naver.com/qna/detail.naver?d1id=8&dirId=80107&docId=420488690&qb=7J217ISg64+Z&enc=utf8
익선동 한옥거리,https://kin.naver.com/qna/detail.naver?d1id=12&dirId=12013751&docId=474334178&qb=7J217ISg64+Z&enc=utf8
익선동 한옥거리,https://kin.naver.com/qna/detail.naver?d1id=9&dirId=90105&docId=484855789&qb=7J217ISg64+Z&enc=utf8
익선동 한옥마을 운영시간,https://kin.naver.com/qna/detail.naver?d1id=8&dirId=8050103&docId=477668113&qb=7J217ISg64+Z&enc=utf8
익선동 놀거리 어떤게 있나요?,https://kin.naver.com/qna/detail.naver?d1id=12&dirId=12013751&docId=456308577&qb=7J217ISg64+Z&enc=utf8
익선동 놀거리,https://kin.naver.com/qna/detail.naver?d1id=12&dirId=12013751&docId=393737000&qb=7J217ISg64+Z&enc=utf8
익선동 한옥거리 일요일에 하나요?,https://kin.naver.com/qna/detail.naver?d1id=9&dirId=90107&docId=456990204&qb=7J217ISg64+Z&enc=utf8
종로 인사동 익선동,https://kin.naver.com/qna/detail.naver?d1id=8&dirId=81203&docId=439924325&qb=7J217ISg64+Z&enc=utf8
익선동 종로3가 이쁜카페,https://kin.naver.com/qna/detail.naver?d1id=3&dirId=31402&docId=482483798&qb=7J217ISg64+Z&enc=utf8
익선동에서 청계천과 낙산공원,https://kin.naver.com/qna/detail.naver?d1id=9&dirId=90106&docId=407672186&qb=7J217ISg64+Z&enc=utf8
흑석동 중대병원 앞에서 익선동 한옥거리... ,https://kin.naver.com/qna/detail.naver?d1id=12&dirId=12012608&docId=455803156&qb=7J217ISg64+Z&enc=utf8
익선동에서 할만한것 추천,https://kin.naver.com/qna/detail.naver?d1id=9&dirId=90110&docId=409743624&qb=7J217ISg64+Z&enc=utf8
익선동 관광,https://kin.naver.com/qna/detail.naver?d1id=12&dirId=12013751&docId=345587427&qb=7J217ISg64+Z&enc=utf8
익선동 한옥거리,https://kin.naver.com/qna/detail.naver?d1id=12&dirId=12013751&docId=382213871&qb=7J217ISg64+Z&enc=utf8
익선동 일요일 (인사동),https://kin.naver.com/qna/detail.naver?d1id=12&dirId=12013752&docId=331123106&qb=7J217ISg64+Z&enc=utf8
"서울 핫플레이스 북촌, 삼청동, 익선동... ",https://kin.naver.com/qna/detail.naver?d1id=9&dirId=90106&docId=479956101&qb=7J217ISg64+Z&enc=utf8
강남 센트럴시티에서 익선동 인사동 가는... ,https://kin.naver.com/qna/detail.naver?d1id=8&dirId=812&docId=470415432&qb=7J217ISg64+Z&enc=utf8
제가 한 두 달 전쯤 익선동 길거리에,https://kin.naver.com/qna/detail.naver?d1id=5&dirId=5040303&docId=444021833&qb=7J217ISg64+Z&enc=utf8
익선동주차장 저렴한곳 추천해주세요,https://kin.naver.com/qna/detail.naver?d1id=12&dirId=12013751&docId=328203345&qb=7J217ISg64+Z&enc=utf8
익선동 가려는데 사람많나요??,https://kin.naver.com/qna/detail.naver?d1id=12&dirId=12013751&docId=337411505&qb=7J217ISg64+Z&enc=utf8
"익선동 맛집, 카페 종로3가역 근처로... ",https://kin.naver.com/qna/detail.naver?d1id=12&dirId=12013751&docId=399468902&qb=7J217ISg64+Z&enc=utf8
익선동 데이트 내공 100,https://kin.naver.com/qna/detail.naver?d1id=12&dirId=12013751&docId=343984202&qb=7J217ISg64+Z&enc=utf8
서울 익선동 코스,https://kin.naver.com/qna/detail.naver?d1id=12&dirId=12013751&docId=370786995&qb=7J217ISg64+Z&enc=utf8
익선동 카페 추천받아요,https://kin.naver.com/qna/detail.naver?d1id=8&dirId=8020306&docId=386096831&qb=7J217ISg64+Z&enc=utf8
익선동 프리마켓 원석 목걸이,https://kin.naver.com/qna/detail.naver?d1id=5&dirId=5040302&docId=393895670&qb=7J217ISg64+Z&enc=utf8
인사동 익선동 탑골공원에 대해 알려주,https://kin.naver.com/qna/detail.naver?d1id=9&dirId=90105&docId=326142202&qb=7J217ISg64+Z&enc=utf8
인사동이나 익선동 갈 곳 추천좀ㅠㅠㅠ,https://kin.naver.com/qna/detail.naver?d1id=12&dirId=12013752&docId=396111724&qb=7J217ISg64+Z&enc=utf8
"서울여행 코스질문!(익선동,쌈지길, 경복궁)",https://kin.naver.com/qna/detail.naver?d1id=9&dirId=90106&docId=416497905&qb=7J217ISg64+Z&enc=utf8
익선동한옥거리,https://kin.naver.com/qna/detail.naver?d1id=11&dirId=110312&docId=429382078&qb=7J217ISg64+Z&enc=utf8
한옥마을 북촌VS익선동 비교... ,https://kin.naver.com/qna/detail.naver?d1id=12&dirId=1201&docId=341265646&qb=7J217ISg64+Z&enc=utf8
익선동 가서 엄마랑 놀려고 하는데요,https://kin.naver.com/qna/detail.naver?d1id=12&dirId=12013751&docId=336847510&qb=7J217ISg64+Z&enc=utf8
익선동 vs 인사동,https://kin.naver.com/qna/detail.naver?d1id=3&dirId=302140101&docId=479856564&qb=7J217ISg64+Z&enc=utf8
익선동 한옥거리,https://kin.naver.com/qna/detail.naver?d1id=12&dirId=12013751&docId=345038285&qb=7J217ISg64+Z&enc=utf8
익선동에 가성비 맛집 있을까요?,https://kin.naver.com/qna/detail.naver?d1id=12&dirId=12013751&docId=472074089&qb=7J217ISg64+Z&enc=utf8
혹시 서울 익선동에 맛집 아시는곳 있,https://kin.naver.com/qna/detail.naver?d1id=12&dirId=12013751&docId=418829277&qb=7J217ISg64+Z&enc=utf8
"익선동저렴한맛집,카페,놀거리알려주세요!",https://kin.naver.com/qna/detail.naver?d1id=13&dirId=13050404&docId=367255361&qb=7J217ISg64+Z&enc=utf8
익선동 놀거리,https://kin.naver.com/qna/detail.naver?d1id=12&dirId=12013751&docId=413410165&qb=7J217ISg64+Z&enc=utf8
익선동 놀거리 코스,https://kin.naver.com/qna/detail.naver?d1id=8&dirId=812&docId=290507211&qb=7J217ISg64+Z&enc=utf8
핫한 레트로 열풍! 익선동부터 돈의문까지,https://kin.naver.com/qna/detail.naver?d1id=6&dirId=6&docId=330152375&qb=7J217ISg64+Z&enc=utf8
크리스마스날 익선동에 사람많을까요??,https://kin.naver.com/qna/detail.naver?d1id=8&dirId=814&docId=434707027&qb=7J217ISg64+Z&enc=utf8
서울 당일 친구랑 놀러갈건데 익선동,https://kin.naver.com/qna/detail.naver?d1id=12&dirId=1201&docId=320709117&qb=7J217ISg64+Z&enc=utf8
"익선동맛집, 새우없는",https://kin.naver.com/qna/detail.naver?d1id=8&dirId=80208&docId=430850625&qb=7J217ISg64+Z&enc=utf8
경복궁-인사동 쌈지길 - 익선동 한옥마을,https://kin.naver.com/qna/detail.naver?d1id=12&dirId=12013752&docId=314653901&qb=7J217ISg64+Z&enc=utf8
익선동 초밥 맛집,https://kin.naver.com/qna/detail.naver?d1id=8&dirId=80208&docId=398170991&qb=7J217ISg64+Z&enc=utf8
삼일절에 익선동 가려하는데 공휴일이라... ,https://kin.naver.com/qna/detail.naver?d1id=12&dirId=1201&docId=413390230&qb=7J217ISg64+Z&enc=utf8
강남과 익선동 사이 지점이 어디인가요,https://kin.naver.com/qna/detail.naver?d1id=12&dirId=12013751&docId=317074640&qb=7J217ISg64+Z&enc=utf8
익선동 맛집 추천해주세요~~,https://kin.naver.com/qna/detail.naver?d1id=8&dirId=80208&docId=308956459&qb=7J217ISg64+Z&enc=utf8
익선동 룸술집이나 그근처도 괜찮으니,https://kin.naver.com/qna/detail.naver?d1id=12&dirId=12013751&docId=397096675&qb=7J217ISg64+Z&enc=utf8
익선동 독닙료리집 망했나요?,https://kin.naver.com/qna/detail.naver?d1id=8&dirId=814&docId=405617183&qb=7J217ISg64+Z&enc=utf8
경복궁 북촌한옥마을 익선동... ,https://kin.naver.com/qna/detail.naver?d1id=8&dirId=80605&docId=371347136&qb=7J217ISg64+Z&enc=utf8
익선동 인사동,https://kin.naver.com/qna/detail.naver?d1id=12&dirId=1201&docId=324183163&qb=7J217ISg64+Z&enc=utf8
혜화역에서 익선동을 가려고하는데 혜화,https://kin.naver.com/qna/detail.naver?d1id=12&dirId=12013751&docId=345274439&qb=7J217ISg64+Z&enc=utf8
익선동 파스타 맛집 추천,https://kin.naver.com/qna/detail.naver?d1id=5&dirId=5010602&docId=396936890&qb=7J217ISg64+Z&enc=utf8
"익선동, 종로3가, 안국역 인슨 외부에서... ",https://kin.naver.com/qna/detail.naver?d1id=12&dirId=12013751&docId=401362279&qb=7J217ISg64+Z&enc=utf8
익선동/종로 포장마차 거리,https://kin.naver.com/qna/detail.naver?d1id=12&dirId=12013751&docId=436088965&qb=7J217ISg64+Z&enc=utf8
구파발역에서 익선동 한옥거리?가는법좀,https://kin.naver.com/qna/detail.naver?d1id=12&dirId=12013751&docId=381457479&qb=7J217ISg64+Z&enc=utf8
평일에 익선동 데이트 가려고 하는데,https://kin.naver.com/qna/detail.naver?d1id=12&dirId=12013751&docId=305426513&qb=7J217ISg64+Z&enc=utf8
익선동에서 강변역가는데 얼마나 걸릴까,https://kin.naver.com/qna/detail.naver?d1id=12&dirId=12013751&docId=345274532&qb=7J217ISg64+Z&enc=utf8
익선동 음식점 테이블 간격 넓고 사람... ,https://kin.naver.com/qna/detail.naver?d1id=8&dirId=80208&docId=408781143&qb=7J217ISg64+Z&enc=utf8
5월 서울숲 튤립 및 익선동,https://kin.naver.com/qna/detail.naver?d1id=12&dirId=1201&docId=388076244&qb=7J217ISg64+Z&enc=utf8
익선동 까페,https://kin.naver.com/qna/detail.naver?d1id=5&dirId=50503&docId=378677378&qb=7J217ISg64+Z&enc=utf8
익선동 커플링 추천해 주세요,https://kin.naver.com/qna/detail.naver?d1id=8&dirId=8040303&docId=342394673&qb=7J217ISg64+Z&enc=utf8
익선동 놀 곳,https://kin.naver.com/qna/detail.naver?d1id=12&dirId=12013751&docId=426276142&qb=7J217ISg64+Z&enc=utf8
"정보보안전문가가 되고싶습니다, 익선동... ",https://kin.naver.com/qna/detail.naver?d1id=4&dirId=40608&docId=321483539&qb=7J217ISg64+Z&enc=utf8
하트시그널2에서 익선동에서 더블데이트,https://kin.naver.com/qna/detail.naver?d1id=3&dirId=301&docId=303476615&qb=7J217ISg64+Z&enc=utf8
익선동 관련 질문이요! 급해요ㅠㅠ,https://kin.naver.com/qna/detail.naver?d1id=12&dirId=12013751&docId=407845588&qb=7J217ISg64+Z&enc=utf8
익선동 온천집,https://kin.naver.com/qna/detail.naver?d1id=12&dirId=12013751&docId=429945956&qb=7J217ISg64+Z&enc=utf8
종로3가 4번출구에서 내려서 익선동,https://kin.naver.com/qna/detail.naver?d1id=12&dirId=12013757&docId=300784032&qb=7J217ISg64+Z&enc=utf8
서울시 종로구 익선동 33-21... ,https://kin.naver.com/qna/detail.naver?d1id=1&dirId=10802&docId=189069214&qb=7J217ISg64+Z&enc=utf8
제가 일요일에 익선동에 갔었는데 거기,https://kin.naver.com/qna/detail.naver?d1id=11&dirId=11080405&docId=449788036&qb=7J217ISg64+Z&enc=utf8
서울 인사동 익선동에서 놀건데 하루만에... ,https://kin.naver.com/qna/detail.naver?d1id=12&dirId=1201&docId=317451736&qb=7J217ISg64+Z&enc=utf8
익선동은 조선시대 지명에서 바뀐건가요... ,https://kin.naver.com/qna/detail.naver?d1id=11&dirId=111001&docId=347505847&qb=7J217ISg64+Z&enc=utf8
익선동에서 북촌한옥마을어떻게가나요 지,https://kin.naver.com/qna/detail.naver?d1id=12&dirId=12013751&docId=322327367&qb=7J217ISg64+Z&enc=utf8
익선동 술집,https://kin.naver.com/qna/detail.naver?d1id=8&dirId=8020501&docId=415711225&qb=7J217ISg64+Z&enc=utf8
익선동 마라탕 맛집 좀 알려주세요 ㅠㅠ,https://kin.naver.com/qna/detail.naver?d1id=8&dirId=80208&docId=418794227&qb=7J217ISg64+Z&enc=utf8
익선동 주변 할것 추천해주세요ㅠㅠㅠ,https://kin.naver.com/qna/detail.naver?d1id=12&dirId=12013751&docId=343889839&qb=7J217ISg64+Z&enc=utf8
춘천에서 서울 인사동 갔다가 익선동가는... ,https://kin.naver.com/qna/detail.naver?d1id=12&dirId=12013752&docId=467198517&qb=7J217ISg64+Z&enc=utf8
인사동익선동맛집,https://kin.naver.com/qna/detail.naver?d1id=9&dirId=90105&docId=431395924&qb=7J217ISg64+Z&enc=utf8
익선동 개화기의상 대여 및 촬영 가능한 곳,https://kin.naver.com/qna/detail.naver?d1id=8&dirId=814&docId=338957464&qb=7J217ISg64+Z&enc=utf8
중1이 홍대나 익선동 이런 곳 가기엔... ,https://kin.naver.com/qna/detail.naver?d1id=8&dirId=8030202&docId=408399840&qb=7J217ISg64+Z&enc=utf8
종로익선동거리주차장,https://kin.naver.com/qna/detail.naver?d1id=12&dirId=12013751&docId=332537144&qb=7J217ISg64+Z&enc=utf8
종로구 익선동 안국역 한옥마을 핫플... ,https://kin.naver.com/qna/detail.naver?d1id=8&dirId=80208&docId=360271438&qb=7J217ISg64+Z&enc=utf8
익선동에서 낙산공원,https://kin.naver.com/qna/detail.naver?d1id=9&dirId=90106&docId=382888180&qb=7J217ISg64+Z&enc=utf8
소사역에서 익선동 가는방법,https://kin.naver.com/qna/detail.naver?d1id=8&dirId=812&docId=330469336&qb=7J217ISg64+Z&enc=utf8
서울 종로구 익선동 관광 추천... ,https://kin.naver.com/qna/detail.naver?d1id=12&dirId=120137&docId=451454914&qb=7J217ISg64+Z&enc=utf8
익선동 어디 동네죠?,https://kin.naver.com/qna/detail.naver?d1id=11&dirId=11080102&docId=321572432&qb=7J217ISg64+Z&enc=utf8
서울 익선동 카페 중 앙버터 파는곳,https://kin.naver.com/qna/detail.naver?d1id=12&dirId=12013714&docId=330768328&qb=7J217ISg64+Z&enc=utf8
"국립민속박물관, 익선동, 경춘선숲길",https://kin.naver.com/qna/detail.naver?d1id=9&dirId=901&docId=358205035&qb=7J217ISg64+Z&enc=utf8
익선동 맛집 추천~,https://kin.naver.com/qna/detail.naver?d1id=12&dirId=12013751&docId=337508759&qb=7J217ISg64+Z&enc=utf8
서울 익선동 놀거리,https://kin.naver.com/qna/detail.naver?d1id=12&dirId=12013751&docId=339257618&qb=7J217ISg64+Z&enc=utf8
종로 익선동 갔는데 거의 다... ,https://kin.naver.com/qna/detail.naver?d1id=8&dirId=80101&docId=445834503&qb=7J217ISg64+Z&enc=utf8
익선동이 인사동 안에있는건가요?,https://kin.naver.com/qna/detail.naver?d1id=12&dirId=120137&docId=454067730&qb=7J217ISg64+Z&enc=utf8
서울 북촌한옥마을이나 익선동 한옥마을,https://kin.naver.com/qna/detail.naver?d1id=12&dirId=1201&docId=323408035&qb=7J217ISg64+Z&enc=utf8
"익선동 한옥마을 맛집,카페,놀거리 추천",https://kin.naver.com/qna/detail.naver?d1id=8&dirId=80208&docId=387476492&qb=7J217ISg64+Z&enc=utf8
익선동 맛집,https://kin.naver.com/qna/detail.naver?d1id=12&dirId=12013751&docId=337681707&qb=7J217ISg64+Z&enc=utf8
서울 익선동 한옥거리 질문이요,https://kin.naver.com/qna/detail.naver?d1id=12&dirId=12013751&docId=404018817&qb=7J217ISg64+Z&enc=utf8
남자친구랑 갈만한 서울 익선동 맛집좀,https://kin.naver.com/qna/detail.naver?d1id=12&dirId=1201&docId=382447801&qb=7J217ISg64+Z&enc=utf8
익선동을 좀,https://kin.naver.com/qna/detail.naver?d1id=12&dirId=12013751&docId=335351131&qb=7J217ISg64+Z&enc=utf8
익선동 소금빵과 성심당 빵 정말 맛나서... ,https://kin.naver.com/qna/detail.naver?d1id=8&dirId=80202&docId=462211698&qb=7J217ISg64+Z&enc=utf8
익선동 경성의복 할인,https://kin.naver.com/qna/detail.naver?d1id=12&dirId=12013751&docId=382911783&qb=7J217ISg64+Z&enc=utf8
익선동에도 한옥마을이있나요? 북촌한옥,https://kin.naver.com/qna/detail.naver?d1id=6&dirId=61301&docId=307446029&qb=7J217ISg64+Z&enc=utf8
익선동 코로나,https://kin.naver.com/qna/detail.naver?d1id=7&dirId=701&docId=367577057&qb=7J217ISg64+Z&enc=utf8
익선동 맛집,https://kin.naver.com/qna/detail.naver?d1id=9&dirId=90105&docId=386953427&qb=7J217ISg64+Z&enc=utf8
kbs에 익선동 한옥마을 광고하는데... ,https://kin.naver.com/qna/detail.naver?d1id=3&dirId=3021104&docId=246854646&qb=7J217ISg64+Z&enc=utf8
동서울터미널에서 익선동까지 택시비 얼,https://kin.naver.com/qna/detail.naver?d1id=8&dirId=81207&docId=299514038&qb=7J217ISg64+Z&enc=utf8
삼청동 경복궁 북촌한옥마을 익선동 인,https://kin.naver.com/qna/detail.naver?d1id=12&dirId=1201&docId=325564623&qb=7J217ISg64+Z&enc=utf8
익선동 음식점에서 본 그림인데 출처,https://kin.naver.com/qna/detail.naver?d1id=3&dirId=3120102&docId=322143053&qb=7J217ISg64+Z&enc=utf8
여기 익선동 샤브샤브집 어딘가요?,https://kin.naver.com/qna/detail.naver?d1id=8&dirId=80208&docId=342784790&qb=7J217ISg64+Z&enc=utf8
익선동 전철로 가는 방법 알려주세요...,https://kin.naver.com/qna/detail.naver?d1id=8&dirId=81203&docId=418737516&qb=7J217ISg64+Z&enc=utf8
서울역에서 남도분식(익선동) 어떻게,https://kin.naver.com/qna/detail.naver?d1id=9&dirId=90111&docId=316452744&qb=7J217ISg64+Z&enc=utf8
서울 익선동에서 가까운 자전거 탈만한... ,https://kin.naver.com/qna/detail.naver?d1id=12&dirId=1201&docId=355476440&qb=7J217ISg64+Z&enc=utf8
익선동 삼청동 혜화동,https://kin.naver.com/qna/detail.naver?d1id=12&dirId=12013730&docId=393268559&qb=7J217ISg64+Z&enc=utf8
연남동이랑 익선동 중에 주말 낮에 어,https://kin.naver.com/qna/detail.naver?d1id=12&dirId=12012718&docId=308497432&qb=7J217ISg64+Z&enc=utf8
갤럭시s10 광고익선동,https://kin.naver.com/qna/detail.naver?d1id=5&dirId=50401&docId=326847745&qb=7J217ISg64+Z&enc=utf8
서울 숙소 추천 홍대 이태원 익선동,https://kin.naver.com/qna/detail.naver?d1id=12&dirId=12013751&docId=301651889&qb=7J217ISg64+Z&enc=utf8
경복궁 북촌한옥마을 익선동 한복대여,https://kin.naver.com/qna/detail.naver?d1id=12&dirId=1201&docId=334139253&qb=7J217ISg64+Z&enc=utf8
익선동 맛집~~,https://kin.naver.com/qna/detail.naver?d1id=12&dirId=12013751&docId=337509431&qb=7J217ISg64+Z&enc=utf8
코로나 익선동,https://kin.naver.com/qna/detail.naver?d1id=9&dirId=901&docId=381784869&qb=7J217ISg64+Z&enc=utf8
익선동 근처 산책할만한 곳 있나요?,https://kin.naver.com/qna/detail.naver?d1id=12&dirId=12013751&docId=302261430&qb=7J217ISg64+Z&enc=utf8
전주한옥마을하고 익선동 한옥마을하고,https://kin.naver.com/qna/detail.naver?d1id=9&dirId=90110&docId=341846717&qb=7J217ISg64+Z&enc=utf8
"익선동음식점 , 썸바디 마지막회 선천",https://kin.naver.com/qna/detail.naver?d1id=8&dirId=80208&docId=321527595&qb=7J217ISg64+Z&enc=utf8
진해시 익선동을 한자로 표기하면?,https://kin.naver.com/qna/detail.naver?d1id=12&dirId=12100843&docId=20178826&qb=7J217ISg64+Z&enc=utf8
익선동 맛집 카페 놀거 추천좀 본인이... ,https://kin.naver.com/qna/detail.naver?d1id=8&dirId=80208&docId=402190065&qb=7J217ISg64+Z&enc=utf8
어디로 놀러갈까요 익선동vs더현대,https://kin.naver.com/qna/detail.naver?d1id=6&dirId=6010104&docId=436523775&qb=7J217ISg64+Z&enc=utf8
익선동에서 과외 선생님 구하려면,https://kin.naver.com/qna/detail.naver?d1id=11&dirId=110309&docId=349589147&qb=7J217ISg64+Z&enc=utf8
그럼 서울 익선동에 무엇을 보여주면,https://kin.naver.com/qna/detail.naver?d1id=9&dirId=9020101&docId=328311859&qb=7J217ISg64+Z&enc=utf8
익선동 골목에 여기 뭐하는곳이에여?,https://kin.naver.com/qna/detail.naver?d1id=12&dirId=1201&docId=310608126&qb=7J217ISg64+Z&enc=utf8
익선동 근처 모텔 가려면 어디로 가야,https://kin.naver.com/qna/detail.naver?d1id=9&dirId=90114&docId=317017353&qb=7J217ISg64+Z&enc=utf8
익선동 경성의복,https://kin.naver.com/qna/detail.naver?d1id=11&dirId=110203&docId=418498885&qb=7J217ISg64+Z&enc=utf8
홍대나 종로 익선동 가면...,https://kin.naver.com/qna/detail.naver?d1id=8&dirId=80101&docId=425988259&qb=7J217ISg64+Z&enc=utf8
서울 종로구 익선동 윤미영,https://kin.naver.com/qna/detail.naver?d1id=9&dirId=90105&docId=313373083&qb=7J217ISg64+Z&enc=utf8
서울시 종로구 익선동 현대뜨레비앙... ,https://kin.naver.com/qna/detail.naver?d1id=12&dirId=12013751&docId=20230509&qb=7J217ISg64+Z&enc=utf8
중랑구 신내동에서 익선동가려면 어떻게... ,https://kin.naver.com/qna/detail.naver?d1id=12&dirId=12013905&docId=388557994&qb=7J217ISg64+Z&enc=utf8
익선동이랑 가까운 메가박스가 어디죠?,https://kin.naver.com/qna/detail.naver?d1id=3&dirId=30312&docId=301641760&qb=7J217ISg64+Z&enc=utf8
종로3가 익선동 포장마차,https://kin.naver.com/qna/detail.naver?d1id=5&dirId=50503&docId=409857365&qb=7J217ISg64+Z&enc=utf8
익선동 한옥거리 웬만큼 즐기고 둘러보려면,https://kin.naver.com/qna/detail.naver?d1id=12&dirId=12013751&docId=406802331&qb=7J217ISg64+Z&enc=utf8
익선동 카페거리 질문,https://kin.naver.com/qna/detail.naver?d1id=8&dirId=8040101&docId=423429990&qb=7J217ISg64+Z&enc=utf8
제가 서울 종로3가 익선동 플리마켓에서... ,https://kin.naver.com/qna/detail.naver?d1id=8&dirId=8040302&docId=427946772&qb=7J217ISg64+Z&enc=utf8
익선동놀곳,https://kin.naver.com/qna/detail.naver?d1id=12&dirId=12013751&docId=361668168&qb=7J217ISg64+Z&enc=utf8
익선동에서 동묘 가는법,https://kin.naver.com/qna/detail.naver?d1id=12&dirId=12013751&docId=345806258&qb=7J217ISg64+Z&enc=utf8
광화문에서 익선동까지,https://kin.naver.com/qna/detail.naver?d1id=12&dirId=1201&docId=320140065&qb=7J217ISg64+Z&enc=utf8
서울 익선동 카페 한물 갔나요??,https://kin.naver.com/qna/detail.naver?d1id=12&dirId=1201&docId=425921495&qb=7J217ISg64+Z&enc=utf8
"북촌한옥마을, 인사동, 익선동 구경",https://kin.naver.com/qna/detail.naver?d1id=9&dirId=90106&docId=436117099&qb=7J217ISg64+Z&enc=utf8
종로 익선동 포장마차에서 불쾌한 경험을... ,https://kin.naver.com/qna/detail.naver?d1id=8&dirId=80208&docId=363043845&qb=7J217ISg64+Z&enc=utf8
서울 익선동 질문,https://kin.naver.com/qna/detail.naver?d1id=6&dirId=61303&docId=445902737&qb=7J217ISg64+Z&enc=utf8
익선동브런치 맛집 추천요?,https://kin.naver.com/qna/detail.naver?d1id=12&dirId=12013751&docId=468669394&qb=7J217ISg64+Z&enc=utf8
익선동 서울 커피,https://kin.naver.com/qna/detail.naver?d1id=8&dirId=80208&docId=302886368&qb=7J217ISg64+Z&enc=utf8
"쌈지길, 익선동 맛집 추천해주세요",https://kin.naver.com/qna/detail.naver?d1id=8&dirId=80208&docId=418816118&qb=7J217ISg64+Z&enc=utf8
"익선동 초등학생/남 틱증상, 아이가 자주... ",https://kin.naver.com/qna/detail.naver?d1id=7&dirId=70305&docId=358080477&qb=7J217ISg64+Z&enc=utf8
괜찮을까요?(익선동 30대초반/여 피임),https://kin.naver.com/qna/detail.naver?d1id=7&dirId=70403&docId=434284288&qb=7J217ISg64+Z&enc=utf8
서울 종로구 익선동에서 용인 신갈까지... ,https://kin.naver.com/qna/detail.naver?d1id=12&dirId=12013751&docId=274789735&qb=7J217ISg64+Z&enc=utf8
종로3가 쪽에 있는게 인사동? 익선동,https://kin.naver.com/qna/detail.naver?d1id=12&dirId=12013757&docId=394416454&qb=7J217ISg64+Z&enc=utf8
익선동 데이트 내공 100,https://kin.naver.com/qna/detail.naver?d1id=11&dirId=110207&docId=363312527&qb=7J217ISg64+Z&enc=utf8
종로타로 잘보는곳 익선동 맛집,https://kin.naver.com/qna/detail.naver?d1id=5&dirId=51003&docId=423912427&qb=7J217ISg64+Z&enc=utf8
익선동 을지로 샤로수길 송리단길 해방촌... ,https://kin.naver.com/qna/detail.naver?d1id=6&dirId=61303&docId=356022813&qb=7J217ISg64+Z&enc=utf8
익선동 컴퓨터수리점에서 윈도우10... ,https://kin.naver.com/qna/detail.naver?d1id=1&dirId=10301&docId=349410305&qb=7J217ISg64+Z&enc=utf8
여기 익선동같은데 카페 이름좀 알려주,https://kin.naver.com/qna/detail.naver?d1id=8&dirId=80201&docId=457447112&qb=7J217ISg64+Z&enc=utf8
익선동 한옥거리,https://kin.naver.com/qna/detail.naver?d1id=8&dirId=8020604&docId=462771524&qb=7J217ISg64+Z&enc=utf8
광복절 인사동이나 익선동 이런곳에 있,https://kin.naver.com/qna/detail.naver?d1id=6&dirId=6130102&docId=451811358&qb=7J217ISg64+Z&enc=utf8
익선동 실낙원 미성년자,https://kin.naver.com/qna/detail.naver?d1id=8&dirId=8020501&docId=388200421&qb=7J217ISg64+Z&enc=utf8
익선동온천집2인식사주문궁금,https://kin.naver.com/qna/detail.naver?d1id=8&dirId=8020104&docId=416631516&qb=7J217ISg64+Z&enc=utf8
소사역에서 익선동 가는방법 알려주세요,https://kin.naver.com/qna/detail.naver?d1id=8&dirId=812&docId=330539506&qb=7J217ISg64+Z&enc=utf8
익선동에서 데이트,https://kin.naver.com/qna/detail.naver?d1id=12&dirId=12013751&docId=336159164&qb=7J217ISg64+Z&enc=utf8
종로3가(익선동)에서 (애프터)데이트... ,https://kin.naver.com/qna/detail.naver?d1id=12&dirId=12013757&docId=409358099&qb=7J217ISg64+Z&enc=utf8
익선동 맛집 추천이요~^^ 초5학년,https://kin.naver.com/qna/detail.naver?d1id=11&dirId=110703&docId=319081831&qb=7J217ISg64+Z&enc=utf8
엄마와 북촌 데이트 하려고 하는데... ,https://kin.naver.com/qna/detail.naver?d1id=9&dirId=90106&docId=480909604&qb=7J217ISg64+Z&enc=utf8
서울 잘 아시는 분 도와주세요,https://kin.naver.com/qna/detail.naver?d1id=12&dirId=1201&docId=483172599&qb=7J217ISg64+Z&enc=utf8
다큐멘터리 3일 익선동편 질문 (엔딩떄... ,https://kin.naver.com/qna/detail.naver?d1id=3&dirId=30213&docId=247278461&qb=7J217ISg64+Z&enc=utf8
8월15일 광복절날 익선동 가게들... ,https://kin.naver.com/qna/detail.naver?d1id=6&dirId=613&docId=397190245&qb=7J217ISg64+Z&enc=utf8
"익선동에 라쿤 카페, 고양이 카페 (",https://kin.naver.com/qna/detail.naver?d1id=12&dirId=120137&docId=320293620&qb=7J217ISg64+Z&enc=utf8
익선동 소개팅 질문,https://kin.naver.com/qna/detail.naver?d1id=8&dirId=80101&docId=306345110&qb=7J217ISg64+Z&enc=utf8
중1 둘이서 서울 어디가 좋을까요,https://kin.naver.com/qna/detail.naver?d1id=9&dirId=90106&docId=481563219&qb=7J217ISg64+Z&enc=utf8
요번주주말에남자친구랑익선동인사동 으로,https://kin.naver.com/qna/detail.naver?d1id=8&dirId=80101&docId=327576753&qb=7J217ISg64+Z&enc=utf8
익선동 밥집 좀 추천해주세요,https://kin.naver.com/qna/detail.naver?d1id=8&dirId=814&docId=336903683&qb=7J217ISg64+Z&enc=utf8
인사동 놀거리 추천좀 해주세요 (내공70),https://kin.naver.com/qna/detail.naver?d1id=9&dirId=90109&docId=484975553&qb=7J217ISg64+Z&enc=utf8
"서울사시는분 답변 좀 해주세요,,!",https://kin.naver.com/qna/detail.naver?d1id=12&dirId=1201&docId=482048364&qb=7J217ISg64+Z&enc=utf8
수학여행코스로 추천할 만한곳 있나요?,https://kin.naver.com/qna/detail.naver?d1id=9&dirId=90105&docId=484970881&qb=7J217ISg64+Z&enc=utf8
양주랑 부평 사이 놀거리 추천,https://kin.naver.com/qna/detail.naver?d1id=9&dirId=90107&docId=484941930&qb=7J217ISg64+Z&enc=utf8
연신내 잠실 사이 놀곳,https://kin.naver.com/qna/detail.naver?d1id=9&dirId=90106&docId=484916949&qb=7J217ISg64+Z&enc=utf8
서울여행 루트용,https://kin.naver.com/qna/detail.naver?d1id=9&dirId=90106&docId=477327841&qb=7J217ISg64+Z&enc=utf8
서울 놀거리,https://kin.naver.com/qna/detail.naver?d1id=12&dirId=1201&docId=484960626&qb=7J217ISg64+Z&enc=utf8
익선동맛집,https://kin.naver.com/qna/detail.naver?d1id=12&dirId=12013751&docId=362188934&qb=7J217ISg64+Z&enc=utf8
주말에 가기 좋은 서울에서 가까운 명소... ,https://kin.naver.com/qna/detail.naver?d1id=12&dirId=1201&docId=484878955&qb=7J217ISg64+Z&enc=utf8
비슷한 분위기의 동네 추천해주세요!,https://kin.naver.com/qna/detail.naver?d1id=12&dirId=12013741&docId=475822491&qb=7J217ISg64+Z&enc=utf8
경복궁이나 성균관대 주번 놀거리... ,https://kin.naver.com/qna/detail.naver?d1id=9&dirId=90106&docId=484940193&qb=7J217ISg64+Z&enc=utf8
고1 여학생 둘이서 놀러갈 장소,https://kin.naver.com/qna/detail.naver?d1id=12&dirId=1201&docId=484918574&qb=7J217ISg64+Z&enc=utf8
효제동 카페 창업 어떠한지요?,https://kin.naver.com/qna/detail.naver?d1id=4&dirId=40702&docId=472634626&qb=7J217ISg64+Z&enc=utf8
안국역 쪽에 유명하거나 질 알려진 게... ,https://kin.naver.com/qna/detail.naver?d1id=12&dirId=12013741&docId=484777337&qb=7J217ISg64+Z&enc=utf8
이 사람은 관심 있는 건가요?,https://kin.naver.com/qna/detail.naver?d1id=8&dirId=80101&docId=476767869&qb=7J217ISg64+Z&enc=utf8
제 결혼 이상형 만났어요,https://kin.naver.com/qna/detail.naver?d1id=8&dirId=80101&docId=477074878&qb=7J217ISg64+Z&enc=utf8
익선동 인사동 애니 국즈샾,https://kin.naver.com/qna/detail.naver?d1id=12&dirId=1201&docId=380464677&qb=7J217ISg64+Z&enc=utf8
남사친이랑 놀곳,https://kin.naver.com/qna/detail.naver?d1id=9&dirId=90106&docId=484914846&qb=7J217ISg64+Z&enc=utf8
자꾸 생각나요..,https://kin.naver.com/qna/detail.naver?d1id=8&dirId=80101&docId=476863764&qb=7J217ISg64+Z&enc=utf8
서울 가족여행 추천,https://kin.naver.com/qna/detail.naver?d1id=12&dirId=1201&docId=472525357&qb=7J217ISg64+Z&enc=utf8
서울 구경 루트,https://kin.naver.com/qna/detail.naver?d1id=9&dirId=90106&docId=467325938&qb=7J217ISg64+Z&enc=utf8
혼놀 추천,https://kin.naver.com/qna/detail.naver?d1id=9&dirId=90106&docId=484836495&qb=7J217ISg64+Z&enc=utf8
요즘 핫한 장소는 어디에요?,https://kin.naver.com/qna/detail.naver?d1id=9&dirId=90106&docId=484884189&qb=7J217ISg64+Z&enc=utf8
서울지역을 잘몰라서요 중국이서... ,https://kin.naver.com/qna/detail.naver?d1id=9&dirId=90106&docId=469678352&qb=7J217ISg64+Z&enc=utf8
종로 카페 운영시간,https://kin.naver.com/qna/detail.naver?d1id=9&dirId=90106&docId=484956890&qb=7J217ISg64+Z&enc=utf8
익선동 사람 많나요??,https://kin.naver.com/qna/detail.naver?d1id=12&dirId=12013751&docId=381736911&qb=7J217ISg64+Z&enc=utf8
익선동 경성의복 대여 (급해요 ㅠ ㅠ ㅠ... ,https://kin.naver.com/qna/detail.naver?d1id=12&dirId=12013751&docId=351318497&qb=7J217ISg64+Z&enc=utf8
익선동 저녁 8시쯤에 가도 구경 충분,https://kin.naver.com/qna/detail.naver?d1id=7&dirId=70111&docId=381831290&qb=7J217ISg64+Z&enc=utf8
서울 쇼핑 데이트 코스,https://kin.naver.com/qna/detail.naver?d1id=9&dirId=901&docId=453801643&qb=7J217ISg64+Z&enc=utf8
친구들이랑 놀러갈 곳 추천해주세여,https://kin.naver.com/qna/detail.naver?d1id=12&dirId=1201&docId=484765579&qb=7J217ISg64+Z&enc=utf8
일본인 서울여행,https://kin.naver.com/qna/detail.naver?d1id=9&dirId=90106&docId=454061969&qb=7J217ISg64+Z&enc=utf8
#요즘궁금한 가족과 함께 여행갈만한 곳... ,https://kin.naver.com/qna/detail.naver?d1id=9&dirId=901&docId=484596081&qb=7J217ISg64+Z&enc=utf8
안녕하세요 지방사람인데 뚜벅이로 종로... ,https://kin.naver.com/qna/detail.naver?d1id=12&dirId=1201&docId=445270142&qb=7J217ISg64+Z&enc=utf8
종로 3가 근처 맛집 추천 해 주세요!!,https://kin.naver.com/qna/detail.naver?d1id=12&dirId=12013757&docId=484459759&qb=7J217ISg64+Z&enc=utf8
감성 충만할때 갈만한 장소?,https://kin.naver.com/qna/detail.naver?d1id=12&dirId=1201&docId=484673106&qb=7J217ISg64+Z&enc=utf8
서울 종로 여행 코스,https://kin.naver.com/qna/detail.naver?d1id=9&dirId=90106&docId=439214897&qb=7J217ISg64+Z&enc=utf8
서울 인사동 쌈지길에서 헌팅,https://kin.naver.com/qna/detail.naver?d1id=9&dirId=90106&docId=484469722&qb=7J217ISg64+Z&enc=utf8
서울에 무조건 가야할 곳,https://kin.naver.com/qna/detail.naver?d1id=12&dirId=1201&docId=484538861&qb=7J217ISg64+Z&enc=utf8
서울 볼거리 지하철 루트 추천,https://kin.naver.com/qna/detail.naver?d1id=9&dirId=90106&docId=457017387&qb=7J217ISg64+Z&enc=utf8
인사동 놀거리 ㅠㅠ,https://kin.naver.com/qna/detail.naver?d1id=9&dirId=90106&docId=453952590&qb=7J217ISg64+Z&enc=utf8
서울 광화문 근처 놀만한 곳,https://kin.naver.com/qna/detail.naver?d1id=12&dirId=120105&docId=484534261&qb=7J217ISg64+Z&enc=utf8
서울 고궁 투어,https://kin.naver.com/qna/detail.naver?d1id=12&dirId=1201&docId=443475367&qb=7J217ISg64+Z&enc=utf8
창원촌놈 서울가는데 갈만한곳과... ,https://kin.naver.com/qna/detail.naver?d1id=12&dirId=1201&docId=484682577&qb=7J217ISg64+Z&enc=utf8
서울 청소년 남자 셋이서 할거좀요....,https://kin.naver.com/qna/detail.naver?d1id=12&dirId=1201&docId=484909579&qb=7J217ISg64+Z&enc=utf8
중2 친구끼리 국내여행,https://kin.naver.com/qna/detail.naver?d1id=9&dirId=90107&docId=484389356&qb=7J217ISg64+Z&enc=utf8
서울여행 코스 짜주세요,https://kin.naver.com/qna/detail.naver?d1id=9&dirId=90106&docId=444136153&qb=7J217ISg64+Z&enc=utf8
수학여행코스 어떻게 짜야할까요?,https://kin.naver.com/qna/detail.naver?d1id=9&dirId=90105&docId=484707089&qb=7J217ISg64+Z&enc=utf8
안녕하세요 서울2박3일코스,https://kin.naver.com/qna/detail.naver?d1id=9&dirId=90110&docId=451454755&qb=7J217ISg64+Z&enc=utf8
서울 갈 곳 추천좀요ㅠㅠ!!!!!!!!!!!!!!!!!,https://kin.naver.com/qna/detail.naver?d1id=12&dirId=1201&docId=484799199&qb=7J217ISg64+Z&enc=utf8
서울여행 남자 2명 놀거리,https://kin.naver.com/qna/detail.naver?d1id=9&dirId=90107&docId=484876469&qb=7J217ISg64+Z&enc=utf8
서울 수학여행 자유여행 테마 주제,https://kin.naver.com/qna/detail.naver?d1id=9&dirId=90106&docId=484576409&qb=7J217ISg64+Z&enc=utf8
서울사는 고등학생 시험끝나고 친구들과... ,https://kin.naver.com/qna/detail.naver?d1id=12&dirId=1201&docId=484829690&qb=7J217ISg64+Z&enc=utf8
서울 갈만한곳 추천,https://kin.naver.com/qna/detail.naver?d1id=12&dirId=1201&docId=484863416&qb=7J217ISg64+Z&enc=utf8
서울 구경거리,https://kin.naver.com/qna/detail.naver?d1id=12&dirId=1201&docId=484862038&qb=7J217ISg64+Z&enc=utf8
가족끼리 갈만한 곳?,https://kin.naver.com/qna/detail.naver?d1id=12&dirId=1201&docId=484320777&qb=7J217ISg64+Z&enc=utf8
서울 놀거리,https://kin.naver.com/qna/detail.naver?d1id=8&dirId=80208&docId=402524435&qb=7J217ISg64+Z&enc=utf8
서울 처음 가는데 뭐해야할지... ,https://kin.naver.com/qna/detail.naver?d1id=12&dirId=1201&docId=484312001&qb=7J217ISg64+Z&enc=utf8
4월24일 서울 놀러 갈 곳,https://kin.naver.com/qna/detail.naver?d1id=12&dirId=1201&docId=484564085&qb=7J217ISg64+Z&enc=utf8
가족끼리 갈만한 곳?,https://kin.naver.com/qna/detail.naver?d1id=12&dirId=1201&docId=484557550&qb=7J217ISg64+Z&enc=utf8
서울 데이트 코스 추천 좀 해주세요,https://kin.naver.com/qna/detail.naver?d1id=12&dirId=1201&docId=461773120&qb=7J217ISg64+Z&enc=utf8
쌈지길 둘러보는데 얼마정도 걸리나요 ??,https://kin.naver.com/qna/detail.naver?d1id=9&dirId=90106&docId=484615761&qb=7J217ISg64+Z&enc=utf8
서울 1박 2일 여행코스 추천,https://kin.naver.com/qna/detail.naver?d1id=12&dirId=1201&docId=484265479&qb=7J217ISg64+Z&enc=utf8
어린이날 친구랑 갈만한 곳,https://kin.naver.com/qna/detail.naver?d1id=12&dirId=1201&docId=484878709&qb=7J217ISg64+Z&enc=utf8
서울 가볼만한곳 추천해주세요,https://kin.naver.com/qna/detail.naver?d1id=12&dirId=1201&docId=484218822&qb=7J217ISg64+Z&enc=utf8
서울 할 것 추천,https://kin.naver.com/qna/detail.naver?d1id=12&dirId=1201&docId=484864454&qb=7J217ISg64+Z&enc=utf8
서울 여행가이드,https://kin.naver.com/qna/detail.naver?d1id=9&dirId=90106&docId=484769072&qb=7J217ISg64+Z&enc=utf8
서울 놀거리,https://kin.naver.com/qna/detail.naver?d1id=12&dirId=1201&docId=425327864&qb=7J217ISg64+Z&enc=utf8
북촌한옥마을 코스 추천해주세요.!!,https://kin.naver.com/qna/detail.naver?d1id=9&dirId=90106&docId=403902238&qb=7J217ISg64+Z&enc=utf8
엄마랑 데이트 코스 추천해주세용!,https://kin.naver.com/qna/detail.naver?d1id=9&dirId=901&docId=484315339&qb=7J217ISg64+Z&enc=utf8
경복궁 1박2일 여행,https://kin.naver.com/qna/detail.naver?d1id=9&dirId=90105&docId=484562469&qb=7J217ISg64+Z&enc=utf8
남친이랑 갈 곳 추천?,https://kin.naver.com/qna/detail.naver?d1id=12&dirId=1201&docId=484329090&qb=7J217ISg64+Z&enc=utf8
놀거리 추천좀요,https://kin.naver.com/qna/detail.naver?d1id=9&dirId=90108&docId=484785994&qb=7J217ISg64+Z&enc=utf8
여름방학 놀 곳 추천해주세요!!,https://kin.naver.com/qna/detail.naver?d1id=9&dirId=901&docId=484855375&qb=7J217ISg64+Z&enc=utf8
"종로 3가, 종로5가 식당 추천해주세요 ㅠㅠ",https://kin.naver.com/qna/detail.naver?d1id=12&dirId=12013757&docId=484270882&qb=7J217ISg64+Z&enc=utf8
서울 데이트 코스 추천 부탁드려요!,https://kin.naver.com/qna/detail.naver?d1id=12&dirId=12013751&docId=442000107&qb=7J217ISg64+Z&enc=utf8
여자 둘이 우정여행 장소 추천 부탁드려요,https://kin.naver.com/qna/detail.naver?d1id=9&dirId=90107&docId=484794907&qb=7J217ISg64+Z&enc=utf8
서울 1박2일 데이트코스 추천해주세요,https://kin.naver.com/qna/detail.naver?d1id=9&dirId=90106&docId=484373204&qb=7J217ISg64+Z&enc=utf8
놀거리 추천해주세요,https://kin.naver.com/qna/detail.naver?d1id=12&dirId=1201&docId=484364957&qb=7J217ISg64+Z&enc=utf8
서울 종로 여행 동선 도와주세요!,https://kin.naver.com/qna/detail.naver?d1id=9&dirId=90106&docId=415181471&qb=7J217ISg64+Z&enc=utf8
서울 당일치기 여행 지하철 타는 법... ,https://kin.naver.com/qna/detail.naver?d1id=9&dirId=90106&docId=417737903&qb=7J217ISg64+Z&enc=utf8
남자친구랑 유원지 추천?,https://kin.naver.com/qna/detail.naver?d1id=12&dirId=1201&docId=484328173&qb=7J217ISg64+Z&enc=utf8
1박2일 남자친구랑 여행 지역 추천!,https://kin.naver.com/qna/detail.naver?d1id=9&dirId=90107&docId=484818581&qb=7J217ISg64+Z&enc=utf8
남자친구랑 100일 데이트 장소... ,https://kin.naver.com/qna/detail.naver?d1id=9&dirId=901&docId=484760169&qb=7J217ISg64+Z&enc=utf8
종로 코스 좀 도와주세요,https://kin.naver.com/qna/detail.naver?d1id=12&dirId=12013757&docId=439072545&qb=7J217ISg64+Z&enc=utf8
꿈해몽 이요? 고양이가 개를 무는꿈,https://kin.naver.com/qna/detail.naver?d1id=3&dirId=31505&docId=461039004&qb=7J217ISg64+Z&enc=utf8
서울 3일동안 혼자서 놀만한 코스 좀... ,https://kin.naver.com/qna/detail.naver?d1id=12&dirId=1201&docId=484812575&qb=7J217ISg64+Z&enc=utf8
서울역에서 에스투에이갤러리 가는... ,https://kin.naver.com/qna/detail.naver?d1id=8&dirId=80801&docId=448694463&qb=7J217ISg64+Z&enc=utf8
자료발표인데,https://kin.naver.com/qna/detail.naver?d1id=12&dirId=1201&docId=443437034&qb=7J217ISg64+Z&enc=utf8
서울 놀거리 볼거리 추천,https://kin.naver.com/qna/detail.naver?d1id=9&dirId=90106&docId=483877678&qb=7J217ISg64+Z&enc=utf8
서울 가볼만한 동네 추천!!!,https://kin.naver.com/qna/detail.naver?d1id=12&dirId=12013751&docId=452352148&qb=7J217ISg64+Z&enc=utf8
서울 여행 숙소 위치 추천해 주세요,https://kin.naver.com/qna/detail.naver?d1id=9&dirId=90106&docId=405522773&qb=7J217ISg64+Z&enc=utf8
서울 시장 추천해주세요,https://kin.naver.com/qna/detail.naver?d1id=9&dirId=90106&docId=484004705&qb=7J217ISg64+Z&enc=utf8
시험 끝나고 놀러갈곳 추천좀요,https://kin.naver.com/qna/detail.naver?d1id=8&dirId=815&docId=484775005&qb=7J217ISg64+Z&enc=utf8
1박2일 서울 여행가려하는데요,https://kin.naver.com/qna/detail.naver?d1id=9&dirId=90106&docId=484149444&qb=7J217ISg64+Z&enc=utf8
서울 여행 계획 짜봤는데 봐주세요!!,https://kin.naver.com/qna/detail.naver?d1id=9&dirId=901&docId=423152796&qb=7J217ISg64+Z&enc=utf8
코스 추천해주세요~~~ ㅜㅡㅜ,https://kin.naver.com/qna/detail.naver?d1id=9&dirId=90106&docId=407717283&qb=7J217ISg64+Z&enc=utf8
주말 나들이 어디가죠?,https://kin.naver.com/qna/detail.naver?d1id=12&dirId=1201&docId=484073909&qb=7J217ISg64+Z&enc=utf8
중3여자 둘이서 시험끝나고 갈만한곳,https://kin.naver.com/qna/detail.naver?d1id=9&dirId=90106&docId=484730793&qb=7J217ISg64+Z&enc=utf8
시골 어른 서울 관광,https://kin.naver.com/qna/detail.naver?d1id=9&dirId=90106&docId=484337611&qb=7J217ISg64+Z&enc=utf8
서울 낭만.,https://kin.naver.com/qna/detail.naver?d1id=9&dirId=90106&docId=484666493&qb=7J217ISg64+Z&enc=utf8
서울 쪽에 초6이 놀만한 곳 추천해주세요!,https://kin.naver.com/qna/detail.naver?d1id=12&dirId=1201&docId=484125311&qb=7J217ISg64+Z&enc=utf8
데이트 할만한 곳,https://kin.naver.com/qna/detail.naver?d1id=9&dirId=90106&docId=427202234&qb=7J217ISg64+Z&enc=utf8
광화문 맛집,https://kin.naver.com/qna/detail.naver?d1id=12&dirId=120137&docId=410157067&qb=7J217ISg64+Z&enc=utf8
서울 핫플 장소,https://kin.naver.com/qna/detail.naver?d1id=9&dirId=90106&docId=484483188&qb=7J217ISg64+Z&enc=utf8
혼자 서울여행 계획중인데요,https://kin.naver.com/qna/detail.naver?d1id=12&dirId=1201&docId=448490825&qb=7J217ISg64+Z&enc=utf8
서울여행 갈까요 말까요,https://kin.naver.com/qna/detail.naver?d1id=9&dirId=90106&docId=484688718&qb=7J217ISg64+Z&enc=utf8
친구랑 둘이서 놀만한 곳 추천,https://kin.naver.com/qna/detail.naver?d1id=12&dirId=1201&docId=484678588&qb=7J217ISg64+Z&enc=utf8
고등딸이랑 엄마 둘이서 2박3일 서울여행,https://kin.naver.com/qna/detail.naver?d1id=12&dirId=1201&docId=442891783&qb=7J217ISg64+Z&enc=utf8
이번 주 서울 놀러가는데 가볼만한 곳... ,https://kin.naver.com/qna/detail.naver?d1id=9&dirId=90106&docId=483334590&qb=7J217ISg64+Z&enc=utf8
서울 꼭 가야 하는 빵집 추천,https://kin.naver.com/qna/detail.naver?d1id=12&dirId=1201&docId=483658789&qb=7J217ISg64+Z&enc=utf8
서울여행코스,https://kin.naver.com/qna/detail.naver?d1id=9&dirId=90105&docId=390996998&qb=7J217ISg64+Z&enc=utf8
타지역사람들 서울오면 뭐사갖고... ,https://kin.naver.com/qna/detail.naver?d1id=12&dirId=1201&docId=484452151&qb=7J217ISg64+Z&enc=utf8
어린이날 여행지 추천,https://kin.naver.com/qna/detail.naver?d1id=9&dirId=901&docId=483779135&qb=7J217ISg64+Z&enc=utf8
서울 놀거리 추천좀 해주세요!!,https://kin.naver.com/qna/detail.naver?d1id=9&dirId=90106&docId=483668652&qb=7J217ISg64+Z&enc=utf8
서울 홍대처럼 핫한곳 알려주세요,https://kin.naver.com/qna/detail.naver?d1id=12&dirId=1201&docId=483179045&qb=7J217ISg64+Z&enc=utf8
어린이날에 데이트 할 곳 추천해주세요,https://kin.naver.com/qna/detail.naver?d1id=9&dirId=90104&docId=484540565&qb=7J217ISg64+Z&enc=utf8
내일 놀러갈건데 어디로 갈까요?,https://kin.naver.com/qna/detail.naver?d1id=12&dirId=1201&docId=435200024&qb=7J217ISg64+Z&enc=utf8
시험 끝나고 여자 11명 서울로 놀러갈곳... ,https://kin.naver.com/qna/detail.naver?d1id=9&dirId=90106&docId=484595454&qb=7J217ISg64+Z&enc=utf8
서울갈곳 골라주세요,https://kin.naver.com/qna/detail.naver?d1id=12&dirId=12012718&docId=391776539&qb=7J217ISg64+Z&enc=utf8
익선동 한옥거리,https://kin.naver.com/qna/detail.naver?d1id=12&dirId=12013751&docId=436993807&qb=7J217ISg64+Z&enc=utf8
"서울역부터 종로, 익선동 맛집 추천... ",https://kin.naver.com/qna/detail.naver?d1id=12&dirId=12013751&docId=428371280&qb=7J217ISg64+Z&enc=utf8
서울 데이트코스 추천,https://kin.naver.com/qna/detail.naver?d1id=9&dirId=90106&docId=484533972&qb=7J217ISg64+Z&enc=utf8
동생이랑 서울 1박2일로 마실 가는데... ,https://kin.naver.com/qna/detail.naver?d1id=12&dirId=1201&docId=484534755&qb=7J217ISg64+Z&enc=utf8
서울여행 1박2일 코스짜주세요ㅠㅠ,https://kin.naver.com/qna/detail.naver?d1id=9&dirId=90106&docId=422797445&qb=7J217ISg64+Z&enc=utf8
여자친구와 서울 데이트,https://kin.naver.com/qna/detail.naver?d1id=12&dirId=1201&docId=484253712&qb=7J217ISg64+Z&enc=utf8
군인 휴가 목요일 출발 화복귀인데... ,https://kin.naver.com/qna/detail.naver?d1id=6&dirId=603&docId=483693437&qb=7J217ISg64+Z&enc=utf8
"종로, 인사동 놀거리",https://kin.naver.com/qna/detail.naver?d1id=12&dirId=12013752&docId=483986672&qb=7J217ISg64+Z&enc=utf8
서울 2박3일 서울가족여행 추천좀요,https://kin.naver.com/qna/detail.naver?d1id=9&dirId=90106&docId=415079538&qb=7J217ISg64+Z&enc=utf8
서울여행 2박3일 동네 추천좀 해주세요!... ,https://kin.naver.com/qna/detail.naver?d1id=12&dirId=1201&docId=484505353&qb=7J217ISg64+Z&enc=utf8
서울 갈만한곳,https://kin.naver.com/qna/detail.naver?d1id=12&dirId=1201&docId=407751210&qb=7J217ISg64+Z&enc=utf8
강남근처 놀거리 추천해주세요,https://kin.naver.com/qna/detail.naver?d1id=12&dirId=120115&docId=424600636&qb=7J217ISg64+Z&enc=utf8
서울여행 추천,https://kin.naver.com/qna/detail.naver?d1id=9&dirId=90106&docId=484264404&qb=7J217ISg64+Z&enc=utf8
외국인과 서울여행 코스 ?,https://kin.naver.com/qna/detail.naver?d1id=9&dirId=90106&docId=483178893&qb=7J217ISg64+Z&enc=utf8
학생커플 데이트 장소 추천,https://kin.naver.com/qna/detail.naver?d1id=12&dirId=1201&docId=483673727&qb=7J217ISg64+Z&enc=utf8
청소년 둘이서 놀러 갈만한 곳이 있나요?,https://kin.naver.com/qna/detail.naver?d1id=12&dirId=1201&docId=483132883&qb=7J217ISg64+Z&enc=utf8
부모님 서울 여행 추천,https://kin.naver.com/qna/detail.naver?d1id=9&dirId=90106&docId=483406242&qb=7J217ISg64+Z&enc=utf8
설날 연휴 모녀끼리 서울 당일치기 나들이,https://kin.naver.com/qna/detail.naver?d1id=9&dirId=90106&docId=480138272&qb=7J217ISg64+Z&enc=utf8
놀러갈곳 츄천,https://kin.naver.com/qna/detail.naver?d1id=12&dirId=1201&docId=484449168&qb=7J217ISg64+Z&enc=utf8
서울 11박 12일 여행코스 질문드립니다!,https://kin.naver.com/qna/detail.naver?d1id=12&dirId=1201&docId=466158556&qb=7J217ISg64+Z&enc=utf8
서울 야경좋은 카페 추천,https://kin.naver.com/qna/detail.naver?d1id=9&dirId=90106&docId=482137680&qb=7J217ISg64+Z&enc=utf8
5월 놀거리!,https://kin.naver.com/qna/detail.naver?d1id=9&dirId=901&docId=484401399&qb=7J217ISg64+Z&enc=utf8
중학교 체험학습 !!,https://kin.naver.com/qna/detail.naver?d1id=9&dirId=90105&docId=484409341&qb=7J217ISg64+Z&enc=utf8
여자친구랑 1주년 데이트코스,https://kin.naver.com/qna/detail.naver?d1id=9&dirId=90107&docId=483324639&qb=7J217ISg64+Z&enc=utf8
서울 9박10일 여행 코스 질문합니다!,https://kin.naver.com/qna/detail.naver?d1id=12&dirId=1201&docId=464508237&qb=7J217ISg64+Z&enc=utf8
서울 안국역 놀거리 추천,https://kin.naver.com/qna/detail.naver?d1id=12&dirId=12013741&docId=481693232&qb=7J217ISg64+Z&enc=utf8
롯데월드 가려고합니다 근처숙박시설... ,https://kin.naver.com/qna/detail.naver?d1id=9&dirId=90103&docId=484087726&qb=7J217ISg64+Z&enc=utf8
국내 당일치기 여행지 추천,https://kin.naver.com/qna/detail.naver?d1id=9&dirId=90110&docId=484257252&qb=7J217ISg64+Z&enc=utf8
연휴 서울 당일치기 나들이,https://kin.naver.com/qna/detail.naver?d1id=9&dirId=90106&docId=480135702&qb=7J217ISg64+Z&enc=utf8
요즘 핫플 장소 추천해 주세요.,https://kin.naver.com/qna/detail.naver?d1id=4&dirId=40702&docId=484715275&qb=7J217ISg64+Z&enc=utf8
중학생 친구들이랑 서울 여행 코스좀... ,https://kin.naver.com/qna/detail.naver?d1id=12&dirId=1201&docId=483491714&qb=7J217ISg64+Z&enc=utf8
이 인테리어 제품의 이름이 무엇인가요?,https://kin.naver.com/qna/detail.naver?d1id=8&dirId=808&docId=460034566&qb=7J217ISg64+Z&enc=utf8
서울 혼자 놀거리 추천,https://kin.naver.com/qna/detail.naver?d1id=12&dirId=1201&docId=482305840&qb=7J217ISg64+Z&enc=utf8
수도권 놀거리 추천해주세요,https://kin.naver.com/qna/detail.naver?d1id=9&dirId=90107&docId=483416364&qb=7J217ISg64+Z&enc=utf8
서울 20대 놀거리,https://kin.naver.com/qna/detail.naver?d1id=9&dirId=90106&docId=482805818&qb=7J217ISg64+Z&enc=utf8
외국인 친구와 놀러갈 곳 추천좀요,https://kin.naver.com/qna/detail.naver?d1id=9&dirId=901&docId=446661416&qb=7J217ISg64+Z&enc=utf8
서울에서 할게 뭐가잇나요,https://kin.naver.com/qna/detail.naver?d1id=12&dirId=1201&docId=483420132&qb=7J217ISg64+Z&enc=utf8
부모님이랑 서울,https://kin.naver.com/qna/detail.naver?d1id=9&dirId=90106&docId=482262623&qb=7J217ISg64+Z&enc=utf8
서울 외국인 친구와 놀러갈곳 추천,https://kin.naver.com/qna/detail.naver?d1id=8&dirId=816&docId=483320099&qb=7J217ISg64+Z&enc=utf8
학생 놀만한곳 추천,https://kin.naver.com/qna/detail.naver?d1id=9&dirId=901&docId=482776956&qb=7J217ISg64+Z&enc=utf8
"서울포장이사,서울시원룸이사,용달이사... ",https://kin.naver.com/qna/detail.naver?d1id=8&dirId=810&docId=458040676&qb=7J217ISg64+Z&enc=utf8
시골쥐의 서울 상경 이야기,https://kin.naver.com/qna/detail.naver?d1id=12&dirId=1201&docId=482696176&qb=7J217ISg64+Z&enc=utf8
서울 관광지 추천 부탁드립니다,https://kin.naver.com/qna/detail.naver?d1id=9&dirId=90106&docId=419140547&qb=7J217ISg64+Z&enc=utf8
가볼만한 곳 추천,https://kin.naver.com/qna/detail.naver?d1id=9&dirId=90106&docId=482574549&qb=7J217ISg64+Z&enc=utf8
시험 끝나고 갈만한 곳 추천,https://kin.naver.com/qna/detail.naver?d1id=9&dirId=90106&docId=484113864&qb=7J217ISg64+Z&enc=utf8
여름에 놀러갈 곳,https://kin.naver.com/qna/detail.naver?d1id=9&dirId=901&docId=484252442&qb=7J217ISg64+Z&enc=utf8
외식으로 갈 만한 곳 추천해 줘,https://kin.naver.com/qna/detail.naver?d1id=12&dirId=1201&docId=482073109&qb=7J217ISg64+Z&enc=utf8
서울 구경 일정 부탁드립니다.,https://kin.naver.com/qna/detail.naver?d1id=9&dirId=90106&docId=484075431&qb=7J217ISg64+Z&enc=utf8
100일 기념 서울 데이트코스 추천,https://kin.naver.com/qna/detail.naver?d1id=9&dirId=90106&docId=394090972&qb=7J217ISg64+Z&enc=utf8
놀러갈 만한 곳 추천 해주세요,https://kin.naver.com/qna/detail.naver?d1id=12&dirId=1201&docId=482896134&qb=7J217ISg64+Z&enc=utf8
서울 여행 코스 추천 부탁드립니다!,https://kin.naver.com/qna/detail.naver?d1id=9&dirId=90106&docId=482878929&qb=7J217ISg64+Z&enc=utf8
중2 10명이서 서울가서 할거... ,https://kin.naver.com/qna/detail.naver?d1id=12&dirId=1201&docId=483151489&qb=7J217ISg64+Z&enc=utf8
종로 나들이 코스,https://kin.naver.com/qna/detail.naver?d1id=9&dirId=90106&docId=481869243&qb=7J217ISg64+Z&enc=utf8
서울여행 재밌는 곳 추천해주세요,https://kin.naver.com/qna/detail.naver?d1id=9&dirId=90106&docId=482466163&qb=7J217ISg64+Z&enc=utf8
친구들과 서울여행 코스 및 맛집... ,https://kin.naver.com/qna/detail.naver?d1id=9&dirId=90106&docId=484006804&qb=7J217ISg64+Z&enc=utf8
놀 곳 추천해주세여,https://kin.naver.com/qna/detail.naver?d1id=12&dirId=1201&docId=484055121&qb=7J217ISg64+Z&enc=utf8
서울 가 볼 만한 곳..,https://kin.naver.com/qna/detail.naver?d1id=12&dirId=12013211&docId=344473272&qb=7J217ISg64+Z&enc=utf8
동대문구 변기막힘 ㅠㅠ,https://kin.naver.com/qna/detail.naver?d1id=8&dirId=80901&docId=483362147&qb=7J217ISg64+Z&enc=utf8
이수역 근처엔?,https://kin.naver.com/qna/detail.naver?d1id=9&dirId=90106&docId=476818737&qb=7J217ISg64+Z&enc=utf8
가족 서울 놀거리,https://kin.naver.com/qna/detail.naver?d1id=9&dirId=90106&docId=482254820&qb=7J217ISg64+Z&enc=utf8
서울 10대 가볼만한곳,https://kin.naver.com/qna/detail.naver?d1id=12&dirId=1201&docId=481832566&qb=7J217ISg64+Z&enc=utf8
송파구하수구막힘 재발 계속해요... ,https://kin.naver.com/qna/detail.naver?d1id=7&dirId=70404&docId=483283315&qb=7J217ISg64+Z&enc=utf8
서울로 혼자 당일치기 뭐하면 좋을까요??,https://kin.naver.com/qna/detail.naver?d1id=9&dirId=90106&docId=482285336&qb=7J217ISg64+Z&enc=utf8
놀거리 찾아요~!,https://kin.naver.com/qna/detail.naver?d1id=9&dirId=901&docId=404501931&qb=7J217ISg64+Z&enc=utf8
용산구하수구막힘 이거 잘... ,https://kin.naver.com/qna/detail.naver?d1id=5&dirId=50502&docId=483206007&qb=7J217ISg64+Z&enc=utf8
서울 여행 코스 추천,https://kin.naver.com/qna/detail.naver?d1id=9&dirId=90106&docId=482140033&qb=7J217ISg64+Z&enc=utf8
익선동 롤인익선 초밥 질문드립니다,https://kin.naver.com/qna/detail.naver?d1id=8&dirId=8020113&docId=390980973&qb=7J217ISg64+Z&enc=utf8
경복궁 주변 데이트코스 추천해주세요!,https://kin.naver.com/qna/detail.naver?d1id=12&dirId=1201&docId=481074834&qb=7J217ISg64+Z&enc=utf8
아이돌들(남돌)이 갔던 곳,https://kin.naver.com/qna/detail.naver?d1id=12&dirId=120110&docId=482872664&qb=7J217ISg64+Z&enc=utf8
서울 가볼만한 곳 질문이요,https://kin.naver.com/qna/detail.naver?d1id=12&dirId=1201&docId=483681926&qb=7J217ISg64+Z&enc=utf8
서울 맛집 추천,https://kin.naver.com/qna/detail.naver?d1id=8&dirId=80208&docId=483319962&qb=7J217ISg64+Z&enc=utf8
서울 구경거리,https://kin.naver.com/qna/detail.naver?d1id=9&dirId=90111&docId=482491132&qb=7J217ISg64+Z&enc=utf8
"서울 인사동 명동 홍대 등 놀거리, 먹거리",https://kin.naver.com/qna/detail.naver?d1id=9&dirId=90106&docId=482479946&qb=7J217ISg64+Z&enc=utf8
서울 놀 곳,https://kin.naver.com/qna/detail.naver?d1id=12&dirId=1201&docId=482825132&qb=7J217ISg64+Z&enc=utf8
친구들이랑 서울 가려는데,https://kin.naver.com/qna/detail.naver?d1id=12&dirId=1201&docId=481902917&qb=7J217ISg64+Z&enc=utf8
서초구하수구막힘 생겻는데 어느업체가... ,https://kin.naver.com/qna/detail.naver?d1id=4&dirId=40607&docId=483090584&qb=7J217ISg64+Z&enc=utf8
서울 놀거리,https://kin.naver.com/qna/detail.naver?d1id=12&dirId=1201&docId=481990661&qb=7J217ISg64+Z&enc=utf8
서울관광코스 질문,https://kin.naver.com/qna/detail.naver?d1id=9&dirId=90106&docId=482697743&qb=7J217ISg64+Z&enc=utf8
서울 쇼핑 위주로 갈만한곳,https://kin.naver.com/qna/detail.naver?d1id=9&dirId=90106&docId=481839254&qb=7J217ISg64+Z&enc=utf8
졸업사진 컨셉,https://kin.naver.com/qna/detail.naver?d1id=3&dirId=31402&docId=483895546&qb=7J217ISg64+Z&enc=utf8
엄마랑 서울 데이트 하려고 하는데 어딜... ,https://kin.naver.com/qna/detail.naver?d1id=9&dirId=90106&docId=438496215&qb=7J217ISg64+Z&enc=utf8
강남구 하수구막힘 생겨서 문의드려요..,https://kin.naver.com/qna/detail.naver?d1id=8&dirId=8020118&docId=483050887&qb=7J217ISg64+Z&enc=utf8
올해도 크리스마스 축제?하나요... ,https://kin.naver.com/qna/detail.naver?d1id=12&dirId=12040805&docId=373564553&qb=7J217ISg64+Z&enc=utf8
서울 학생들 놀러갈만한 곳,https://kin.naver.com/qna/detail.naver?d1id=12&dirId=120115&docId=481596271&qb=7J217ISg64+Z&enc=utf8
남자친구랑 100일에 갈 서울 추천해주세요,https://kin.naver.com/qna/detail.naver?d1id=12&dirId=1201&docId=483598566&qb=7J217ISg64+Z&enc=utf8
강서구 식당인데 하수구 막혀서요,https://kin.naver.com/qna/detail.naver?d1id=12&dirId=120118&docId=483008833&qb=7J217ISg64+Z&enc=utf8
엄마랑 차주 주말에 서울을 가려는데요... ,https://kin.naver.com/qna/detail.naver?d1id=12&dirId=1201&docId=483802779&qb=7J217ISg64+Z&enc=utf8
서울 기념품?,https://kin.naver.com/qna/detail.naver?d1id=12&dirId=1201&docId=481285199&qb=7J217ISg64+Z&enc=utf8
강남구역삼동에있는식당입니다.,https://kin.naver.com/qna/detail.naver?d1id=8&dirId=8080103&docId=482963114&qb=7J217ISg64+Z&enc=utf8
중1 8월달즈음에 놀러갈만한 장소좀... ,https://kin.naver.com/qna/detail.naver?d1id=9&dirId=90107&docId=483950535&qb=7J217ISg64+Z&enc=utf8
서울 놀거리 추천,https://kin.naver.com/qna/detail.naver?d1id=12&dirId=1201&docId=483937968&qb=7J217ISg64+Z&enc=utf8
서울여행(?) 계획 짜주세요!!,https://kin.naver.com/qna/detail.naver?d1id=12&dirId=1201&docId=482531167&qb=7J217ISg64+Z&enc=utf8
서울 및 인천 갈만한곳 추천,https://kin.naver.com/qna/detail.naver?d1id=12&dirId=1201&docId=482577871&qb=7J217ISg64+Z&enc=utf8
엄마랑 데이트,https://kin.naver.com/qna/detail.naver?d1id=12&dirId=1201&docId=480606364&qb=7J217ISg64+Z&enc=utf8
서울 놀거리 맛집 추천,https://kin.naver.com/qna/detail.naver?d1id=12&dirId=1201&docId=481650892&qb=7J217ISg64+Z&enc=utf8
10년된 친구랑 놀거리,https://kin.naver.com/qna/detail.naver?d1id=12&dirId=120115&docId=482534871&qb=7J217ISg64+Z&enc=utf8
서울여행일정,https://kin.naver.com/qna/detail.naver?d1id=9&dirId=90106&docId=483698395&qb=7J217ISg64+Z&enc=utf8
한국 여행지 추천해주세요.,https://kin.naver.com/qna/detail.naver?d1id=5&dirId=51003&docId=483780848&qb=7J217ISg64+Z&enc=utf8
서울 여행지 추천,https://kin.naver.com/qna/detail.naver?d1id=5&dirId=51003&docId=483914914&qb=7J217ISg64+Z&enc=utf8
고1 서울 여행,https://kin.naver.com/qna/detail.naver?d1id=9&dirId=90106&docId=481559559&qb=7J217ISg64+Z&enc=utf8
1호선 재밌는곳 추천,https://kin.naver.com/qna/detail.naver?d1id=12&dirId=1201&docId=478828846&qb=7J217ISg64+Z&enc=utf8
고딩친구들끼리 놀러갈 곳이나... ,https://kin.naver.com/qna/detail.naver?d1id=12&dirId=1201&docId=481892559&qb=7J217ISg64+Z&enc=utf8
서울 놀거리 추천,https://kin.naver.com/qna/detail.naver?d1id=9&dirId=90106&docId=469564291&qb=7J217ISg64+Z&enc=utf8
친구랑 서울 놀러왔는데 어디 갈지... ,https://kin.naver.com/qna/detail.naver?d1id=12&dirId=1201&docId=483660840&qb=7J217ISg64+Z&enc=utf8
이번주 주말 가기 좋은 서울 데이트 코스... ,https://kin.naver.com/qna/detail.naver?d1id=12&dirId=1201&docId=484346158&qb=7J217ISg64+Z&enc=utf8
놀거리추천해주세요ㅠㅠ,https://kin.naver.com/qna/detail.naver?d1id=9&dirId=90107&docId=483377985&qb=7J217ISg64+Z&enc=utf8
서울 할거,https://kin.naver.com/qna/detail.naver?d1id=12&dirId=1201&docId=481908159&qb=7J217ISg64+Z&enc=utf8
이번주 주말에 서울 놀러 가는데욥... ,https://kin.naver.com/qna/detail.naver?d1id=12&dirId=1201&docId=482334610&qb=7J217ISg64+Z&enc=utf8
일본인여자친구와 서울 2박3일 여행코스... ,https://kin.naver.com/qna/detail.naver?d1id=9&dirId=90106&docId=481888361&qb=7J217ISg64+Z&enc=utf8
서울 놀러갈만한곳 있나요,https://kin.naver.com/qna/detail.naver?d1id=12&dirId=1201&docId=483319673&qb=7J217ISg64+Z&enc=utf8
서울 놀거리 추천해주세요!?,https://kin.naver.com/qna/detail.naver?d1id=9&dirId=90106&docId=481262130&qb=7J217ISg64+Z&enc=utf8
시험끝나고 서울 당일치기,https://kin.naver.com/qna/detail.naver?d1id=9&dirId=90106&docId=483565687&qb=7J217ISg64+Z&enc=utf8
경복궁 주변 놀만한곳 추천좀 해주세요,https://kin.naver.com/qna/detail.naver?d1id=12&dirId=1201&docId=482995707&qb=7J217ISg64+Z&enc=utf8
주말 가족 나들이 장소?,https://kin.naver.com/qna/detail.naver?d1id=12&dirId=1201&docId=481103434&qb=7J217ISg64+Z&enc=utf8
서울 혼자 놀거리,https://kin.naver.com/qna/detail.naver?d1id=12&dirId=120115&docId=480933894&qb=7J217ISg64+Z&enc=utf8
서울 고등학생 놀거리,https://kin.naver.com/qna/detail.naver?d1id=12&dirId=1201&docId=481089232&qb=7J217ISg64+Z&enc=utf8
서울 경기 놀거리 추천,https://kin.naver.com/qna/detail.naver?d1id=12&dirId=1201&docId=481658970&qb=7J217ISg64+Z&enc=utf8
주말갈곳 추천해주시면 감사해요!,https://kin.naver.com/qna/detail.naver?d1id=12&dirId=1201&docId=483231059&qb=7J217ISg64+Z&enc=utf8
종로구&인사동 가성비 고깃집 추천해주세요,https://kin.naver.com/qna/detail.naver?d1id=12&dirId=120137&docId=479763218&qb=7J217ISg64+Z&enc=utf8
놀거리 추천해주세요,https://kin.naver.com/qna/detail.naver?d1id=9&dirId=901&docId=482024912&qb=7J217ISg64+Z&enc=utf8
서울 놀만한 곳 추천해주세요,https://kin.naver.com/qna/detail.naver?d1id=9&dirId=90106&docId=483024494&qb=7J217ISg64+Z&enc=utf8
익선동 경성의복 대여 질문이요,https://kin.naver.com/qna/detail.naver?d1id=12&dirId=12013751&docId=420191160&qb=7J217ISg64+Z&enc=utf8
창덕궁이랑 주변 돌아다닐 하루코스... ,https://kin.naver.com/qna/detail.naver?d1id=3&dirId=31202&docId=480864359&qb=7J217ISg64+Z&enc=utf8
수도권 가볼만한곳 추천,https://kin.naver.com/qna/detail.naver?d1id=12&dirId=1201&docId=481070609&qb=7J217ISg64+Z&enc=utf8
"10대 학생커플 인천,서울 데이트 추천... ",https://kin.naver.com/qna/detail.naver?d1id=12&dirId=1201&docId=481048703&qb=7J217ISg64+Z&enc=utf8
6학년 학생들 끼리 놀러갈 곳,https://kin.naver.com/qna/detail.naver?d1id=9&dirId=90106&docId=482035192&qb=7J217ISg64+Z&enc=utf8
1주년 선물하고 데이트코스추천,https://kin.naver.com/qna/detail.naver?d1id=12&dirId=12012005&docId=483701689&qb=7J217ISg64+Z&enc=utf8
놀러갈만한곳 추천좀 해주세요,https://kin.naver.com/qna/detail.naver?d1id=12&dirId=1201&docId=483179773&qb=7J217ISg64+Z&enc=utf8
서울 놀거리,https://kin.naver.com/qna/detail.naver?d1id=12&dirId=1201&docId=480002767&qb=7J217ISg64+Z&enc=utf8
서울 번화가 및 술집거리 상가밀집지역... ,https://kin.naver.com/qna/detail.naver?d1id=12&dirId=1201&docId=481334229&qb=7J217ISg64+Z&enc=utf8
저한테 호감 있능 건가요?,https://kin.naver.com/qna/detail.naver?d1id=8&dirId=80101&docId=476824947&qb=7J217ISg64+Z&enc=utf8
챗GPT 오류 봐주세요ㅜㅠ,https://kin.naver.com/qna/detail.naver?d1id=1&dirId=113&docId=482559269&qb=7J217ISg64+Z&enc=utf8
서울 혼자 놀기 좋은곳,https://kin.naver.com/qna/detail.naver?d1id=12&dirId=1201&docId=483640203&qb=7J217ISg64+Z&enc=utf8
주말에 할거,https://kin.naver.com/qna/detail.naver?d1id=12&dirId=1201&docId=481561083&qb=7J217ISg64+Z&enc=utf8
서울 데이트 할만한 곳 추천해주세요,https://kin.naver.com/qna/detail.naver?d1id=12&dirId=1201&docId=481537121&qb=7J217ISg64+Z&enc=utf8
서울 갈만한 곳,https://kin.naver.com/qna/detail.naver?d1id=9&dirId=90106&docId=481462212&qb=7J217ISg64+Z&enc=utf8
군휴가 친구랑 가볼 만한 서울 명소는?,https://kin.naver.com/qna/detail.naver?d1id=12&dirId=1201&docId=481963310&qb=7J217ISg64+Z&enc=utf8
부산사람 서울 여행 갈만한데 있나요?,https://kin.naver.com/qna/detail.naver?d1id=9&dirId=90106&docId=481475757&qb=7J217ISg64+Z&enc=utf8
도와주세요..,https://kin.naver.com/qna/detail.naver?d1id=8&dirId=80101&docId=477124094&qb=7J217ISg64+Z&enc=utf8
당일치기 서울 데이트,https://kin.naver.com/qna/detail.naver?d1id=12&dirId=1201&docId=483416131&qb=7J217ISg64+Z&enc=utf8
서울에서 가볼만한곳 추천좀 해주세요~,https://kin.naver.com/qna/detail.naver?d1id=12&dirId=1201&docId=483397755&qb=7J217ISg64+Z&enc=utf8
서울 가볼만한곳,https://kin.naver.com/qna/detail.naver?d1id=12&dirId=1201&docId=481921259&qb=7J217ISg64+Z&enc=utf8
동대문디자인프라자 주변 혼자 놀만한 곳,https://kin.naver.com/qna/detail.naver?d1id=8&dirId=80701&docId=480893079&qb=7J217ISg64+Z&enc=utf8
서울 당일치기,https://kin.naver.com/qna/detail.naver?d1id=12&dirId=1201&docId=481165056&qb=7J217ISg64+Z&enc=utf8
좋아하는 남자,https://kin.naver.com/qna/detail.naver?d1id=8&dirId=80101&docId=477033733&qb=7J217ISg64+Z&enc=utf8
서울을 첫차타고 놀러가는데,https://kin.naver.com/qna/detail.naver?d1id=9&dirId=90106&docId=481438801&qb=7J217ISg64+Z&enc=utf8
서울 숙소 위치,https://kin.naver.com/qna/detail.naver?d1id=9&dirId=90106&docId=479626377&qb=7J217ISg64+Z&enc=utf8
아기자기한 서울 장소 추천,https://kin.naver.com/qna/detail.naver?d1id=9&dirId=90106&docId=480928796&qb=7J217ISg64+Z&enc=utf8
서울 20개월 아기랑 갈만한 곳,https://kin.naver.com/qna/detail.naver?d1id=12&dirId=1201&docId=483366131&qb=7J217ISg64+Z&enc=utf8
서울에서 놀만한곳! (작성자 중3),https://kin.naver.com/qna/detail.naver?d1id=12&dirId=1201&docId=481362957&qb=7J217ISg64+Z&enc=utf8
서울에서 세 명이서 할만한 액티비티,https://kin.naver.com/qna/detail.naver?d1id=12&dirId=1201&docId=481330497&qb=7J217ISg64+Z&enc=utf8
서울 갈곳,https://kin.naver.com/qna/detail.naver?d1id=12&dirId=1201&docId=481349923&qb=7J217ISg64+Z&enc=utf8
서울 가족 나들이 장소 추천,https://kin.naver.com/qna/detail.naver?d1id=12&dirId=1201&docId=483036780&qb=7J217ISg64+Z&enc=utf8
"홍대 , 종로 놀거리 추천",https://kin.naver.com/qna/detail.naver?d1id=12&dirId=12013757&docId=480366802&qb=7J217ISg64+Z&enc=utf8
서울 놀거리,https://kin.naver.com/qna/detail.naver?d1id=12&dirId=1201&docId=478868702&qb=7J217ISg64+Z&enc=utf8
서울 여행 교통! 내공 120,https://kin.naver.com/qna/detail.naver?d1id=12&dirId=1201&docId=335212185&qb=7J217ISg64+Z&enc=utf8
사촌동생들이랑 서울에서 놀고 싶어요,https://kin.naver.com/qna/detail.naver?d1id=12&dirId=1201&docId=481714779&qb=7J217ISg64+Z&enc=utf8
안녕하세요,https://kin.naver.com/qna/detail.naver?d1id=12&dirId=12013517&docId=479567788&qb=7J217ISg64+Z&enc=utf8
일본인 (궁금),https://kin.naver.com/qna/detail.naver?d1id=9&dirId=9020101&docId=483055066&qb=7J217ISg64+Z&enc=utf8
남자의 호감,https://kin.naver.com/qna/detail.naver?d1id=8&dirId=80101&docId=476813222&qb=7J217ISg64+Z&enc=utf8
서울 여고생 놀거리,https://kin.naver.com/qna/detail.naver?d1id=9&dirId=90106&docId=481596770&qb=7J217ISg64+Z&enc=utf8
10명 서울놀려고,https://kin.naver.com/qna/detail.naver?d1id=9&dirId=90106&docId=483458910&qb=7J217ISg64+Z&enc=utf8
서울 근처 혼자 놀 곳 추천해주세요,https://kin.naver.com/qna/detail.naver?d1id=12&dirId=1201&docId=483494582&qb=7J217ISg64+Z&enc=utf8
예비 중1이랑 아빠랑 갈 만한 곳이... ,https://kin.naver.com/qna/detail.naver?d1id=9&dirId=90106&docId=481083749&qb=7J217ISg64+Z&enc=utf8
친구 4명이서 놀러 갈만한 곳,https://kin.naver.com/qna/detail.naver?d1id=12&dirId=1201&docId=483461581&qb=7J217ISg64+Z&enc=utf8
연인과 가볍게 놀 수 있는 곳,https://kin.naver.com/qna/detail.naver?d1id=8&dirId=80101&docId=483097188&qb=7J217ISg64+Z&enc=utf8
서울특별시 중랑구 묵동에서 할 거... ,https://kin.naver.com/qna/detail.naver?d1id=12&dirId=1201&docId=481600144&qb=7J217ISg64+Z&enc=utf8
중3 여자 생일 날 갈 곳 추천 해주세요,https://kin.naver.com/qna/detail.naver?d1id=9&dirId=901&docId=481072701&qb=7J217ISg64+Z&enc=utf8
생일날 어디갈지 추천해주세요,https://kin.naver.com/qna/detail.naver?d1id=9&dirId=901&docId=481074562&qb=7J217ISg64+Z&enc=utf8
서울 가볼만한곳,https://kin.naver.com/qna/detail.naver?d1id=12&dirId=1201&docId=481593651&qb=7J217ISg64+Z&enc=utf8
서울 당일 가볼만한 곳,https://kin.naver.com/qna/detail.naver?d1id=12&dirId=1201&docId=481592890&qb=7J217ISg64+Z&enc=utf8
서울 가볼만한 곳 추천,https://kin.naver.com/qna/detail.naver?d1id=12&dirId=1201&docId=480707085&qb=7J217ISg64+Z&enc=utf8
서울에서 혼자 놀려고 하는데 종로(안국)... ,https://kin.naver.com/qna/detail.naver?d1id=9&dirId=90106&docId=477373510&qb=7J217ISg64+Z&enc=utf8
서울 가볼만한 곳 추천,https://kin.naver.com/qna/detail.naver?d1id=12&dirId=1201&docId=483170257&qb=7J217ISg64+Z&enc=utf8
중2남자4 서울놀거리,https://kin.naver.com/qna/detail.naver?d1id=9&dirId=90106&docId=480417704&qb=7J217ISg64+Z&enc=utf8
2/9 남자친구와 데이트,https://kin.naver.com/qna/detail.naver?d1id=9&dirId=90106&docId=481530294&qb=7J217ISg64+Z&enc=utf8
서울에서 야외활동,https://kin.naver.com/qna/detail.naver?d1id=12&dirId=1201&docId=481524586&qb=7J217ISg64+Z&enc=utf8
친구들과 서울 어디 갈까요?,https://kin.naver.com/qna/detail.naver?d1id=12&dirId=1201&docId=480991601&qb=7J217ISg64+Z&enc=utf8
고등학생과 가볼 만한 곳?,https://kin.naver.com/qna/detail.naver?d1id=12&dirId=1201&docId=480996887&qb=7J217ISg64+Z&enc=utf8
"홀로서울 종로 놀거리,볼거리",https://kin.naver.com/qna/detail.naver?d1id=9&dirId=90106&docId=478040005&qb=7J217ISg64+Z&enc=utf8
서울 남자넷이서 갈만한곳,https://kin.naver.com/qna/detail.naver?d1id=12&dirId=1201&docId=481398770&qb=7J217ISg64+Z&enc=utf8
2월달에 남자 혼자 서울 여행 가요!!,https://kin.naver.com/qna/detail.naver?d1id=9&dirId=90106&docId=480374568&qb=7J217ISg64+Z&enc=utf8
엄마랑 서울 놀러 갈건데 서울 지역 추천... ,https://kin.naver.com/qna/detail.naver?d1id=12&dirId=1201&docId=480993286&qb=7J217ISg64+Z&enc=utf8
서울에서 할거,https://kin.naver.com/qna/detail.naver?d1id=12&dirId=1201&docId=481419370&qb=7J217ISg64+Z&enc=utf8
어색한 친구랑 놀거리,https://kin.naver.com/qna/detail.naver?d1id=9&dirId=90106&docId=480940305&qb=7J217ISg64+Z&enc=utf8
서울 가볼만한 곳,https://kin.naver.com/qna/detail.naver?d1id=9&dirId=90106&docId=481776828&qb=7J217ISg64+Z&enc=utf8
"강제추행 약식기소 정식재판청구, 어떻게... ",https://kin.naver.com/qna/detail.naver?d1id=6&dirId=60215&docId=478044813&qb=7J217ISg64+Z&enc=utf8
서울가려는데,https://kin.naver.com/qna/detail.naver?d1id=9&dirId=90106&docId=476813535&qb=7J217ISg64+Z&enc=utf8
놀러 갈 곳,https://kin.naver.com/qna/detail.naver?d1id=9&dirId=901&docId=483106827&qb=7J217ISg64+Z&enc=utf8
"중딩 넷이서 놀러갈 곳 (경기도,서울)",https://kin.naver.com/qna/detail.naver?d1id=9&dirId=90106&docId=480257099&qb=7J217ISg64+Z&enc=utf8
서울 10대 놀거리ㅊㅊ,https://kin.naver.com/qna/detail.naver?d1id=9&dirId=90106&docId=479276073&qb=7J217ISg64+Z&enc=utf8
1월에 서울 여행 가볼까하는데... ,https://kin.naver.com/qna/detail.naver?d1id=9&dirId=90109&docId=479896504&qb=7J217ISg64+Z&enc=utf8
여사친이랑 갈만한곳,https://kin.naver.com/qna/detail.naver?d1id=12&dirId=1201&docId=483068170&qb=7J217ISg64+Z&enc=utf8
서울에 혼자 나가서 놀기좋은곳,https://kin.naver.com/qna/detail.naver?d1id=12&dirId=1201&docId=483314179&qb=7J217ISg64+Z&enc=utf8
서울 토박이분들??,https://kin.naver.com/qna/detail.naver?d1id=12&dirId=1201&docId=481881390&qb=7J217ISg64+Z&enc=utf8
반 애들끼리 갈만한 장소 추천,https://kin.naver.com/qna/detail.naver?d1id=12&dirId=12013404&docId=480622852&qb=7J217ISg64+Z&enc=utf8
서울 지역 여행 하려면요.....,https://kin.naver.com/qna/detail.naver?d1id=8&dirId=814&docId=482924101&qb=7J217ISg64+Z&enc=utf8
나들이 장소 추천부탁드립니다,https://kin.naver.com/qna/detail.naver?d1id=12&dirId=12013751&docId=482588312&qb=7J217ISg64+Z&enc=utf8
서울 여행 내공 100,https://kin.naver.com/qna/detail.naver?d1id=12&dirId=1201&docId=335164603&qb=7J217ISg64+Z&enc=utf8
서울 갈 곳 추천해주세용,https://kin.naver.com/qna/detail.naver?d1id=9&dirId=90106&docId=481161186&qb=7J217ISg64+Z&enc=utf8
서울여행 추천,https://kin.naver.com/qna/detail.naver?d1id=9&dirId=90106&docId=480688357&qb=7J217ISg64+Z&enc=utf8
천안 사는데 친구들이랑 갈만한 곳 있나요?,https://kin.naver.com/qna/detail.naver?d1id=9&dirId=90103&docId=483263268&qb=7J217ISg64+Z&enc=utf8
서울 인기 도시,https://kin.naver.com/qna/detail.naver?d1id=12&dirId=1201&docId=481122672&qb=7J217ISg64+Z&enc=utf8
동대문 놀거리,https://kin.naver.com/qna/detail.naver?d1id=12&dirId=120125&docId=482641734&qb=7J217ISg64+Z&enc=utf8
강남역에는...^^,https://kin.naver.com/qna/detail.naver?d1id=12&dirId=12011510&docId=483683483&qb=7J217ISg64+Z&enc=utf8
15살 6명 놀러갈만한 곳,https://kin.naver.com/qna/detail.naver?d1id=12&dirId=1201&docId=479628385&qb=7J217ISg64+Z&enc=utf8
3박4일 서울여행 계획 루트 좀 봐주세요.,https://kin.naver.com/qna/detail.naver?d1id=9&dirId=90106&docId=480617391&qb=7J217ISg64+Z&enc=utf8
남자 서울 여행 갈만한곳 추천해주세요~,https://kin.naver.com/qna/detail.naver?d1id=9&dirId=90106&docId=479721731&qb=7J217ISg64+Z&enc=utf8
송파구하수구막힘 어디가 제일 잘 보나요!,https://kin.naver.com/qna/detail.naver?d1id=3&dirId=31204&docId=483470635&qb=7J217ISg64+Z&enc=utf8
20살 친구랑 놀려고 하는데(서울),https://kin.naver.com/qna/detail.naver?d1id=12&dirId=1201&docId=343465217&qb=7J217ISg64+Z&enc=utf8
서울 놀데,https://kin.naver.com/qna/detail.naver?d1id=9&dirId=90106&docId=482360377&qb=7J217ISg64+Z&enc=utf8
수학여행 서울 코스 좀 추천 해주세요!,https://kin.naver.com/qna/detail.naver?d1id=9&dirId=901&docId=483211624&qb=7J217ISg64+Z&enc=utf8
진해그램핑장이있나여?,https://kin.naver.com/qna/detail.naver?d1id=10&dirId=100508&docId=482810874&qb=7J217ISg64+Z&enc=utf8
혼자 서울로 1박 2일여행 계획 좀 해주세요,https://kin.naver.com/qna/detail.naver?d1id=9&dirId=90106&docId=478780059&qb=7J217ISg64+Z&enc=utf8
서울 지하철 타고 갈 만한곳 추천,https://kin.naver.com/qna/detail.naver?d1id=12&dirId=1201&docId=480524538&qb=7J217ISg64+Z&enc=utf8
막 20살 된 친구들이랑 놀 곳 추천,https://kin.naver.com/qna/detail.naver?d1id=12&dirId=1201&docId=481048305&qb=7J217ISg64+Z&enc=utf8
2명 놀러갈곳,https://kin.naver.com/qna/detail.naver?d1id=12&dirId=1201&docId=481060899&qb=7J217ISg64+Z&enc=utf8
서울 놀 곳 추천 해주세요!,https://kin.naver.com/qna/detail.naver?d1id=12&dirId=1201&docId=477724914&qb=7J217ISg64+Z&enc=utf8
서울 가볼만한곳 실내 추천,https://kin.naver.com/qna/detail.naver?d1id=12&dirId=1201&docId=477691565&qb=7J217ISg64+Z&enc=utf8
서울의 놀거리,https://kin.naver.com/qna/detail.naver?d1id=9&dirId=90106&docId=409872739&qb=7J217ISg64+Z&enc=utf8
종로 맛집 식당,https://kin.naver.com/qna/detail.naver?d1id=12&dirId=120105&docId=482025066&qb=7J217ISg64+Z&enc=utf8
서울가면 놀곳추천해주세요,https://kin.naver.com/qna/detail.naver?d1id=12&dirId=1201&docId=480454022&qb=7J217ISg64+Z&enc=utf8
놀곳 추천,https://kin.naver.com/qna/detail.naver?d1id=9&dirId=90103&docId=481027513&qb=7J217ISg64+Z&enc=utf8
서울 꼭 가야하는곳,https://kin.naver.com/qna/detail.naver?d1id=12&dirId=1201&docId=481033255&qb=7J217ISg64+Z&enc=utf8
서울 놀거리,https://kin.naver.com/qna/detail.naver?d1id=12&dirId=1201&docId=482380417&qb=7J217ISg64+Z&enc=utf8
종로 야장 몇월부터 하나요??,https://kin.naver.com/qna/detail.naver?d1id=8&dirId=80107&docId=482310374&qb=7J217ISg64+Z&enc=utf8
"서울여행=중3아들+아빠. 놀거리, 볼거리... ",https://kin.naver.com/qna/detail.naver?d1id=9&dirId=90106&docId=479572613&qb=7J217ISg64+Z&enc=utf8
놀러갈만한곳,https://kin.naver.com/qna/detail.naver?d1id=12&dirId=1201&docId=477645661&qb=7J217ISg64+Z&enc=utf8
중학생끼리 놀만한 곳,https://kin.naver.com/qna/detail.naver?d1id=12&dirId=1201&docId=480462590&qb=7J217ISg64+Z&enc=utf8
한강처럼 유명하고 할 거 많은곳,https://kin.naver.com/qna/detail.naver?d1id=12&dirId=1201&docId=480433934&qb=7J217ISg64+Z&enc=utf8
서울 진짜 가볼만한 곳?,https://kin.naver.com/qna/detail.naver?d1id=12&dirId=1201&docId=474784119&qb=7J217ISg64+Z&enc=utf8
좋아하는 거 같아요,https://kin.naver.com/qna/detail.naver?d1id=8&dirId=80101&docId=477023497&qb=7J217ISg64+Z&enc=utf8
군대 휴가나가서 할것,https://kin.naver.com/qna/detail.naver?d1id=9&dirId=901&docId=483146262&qb=7J217ISg64+Z&enc=utf8
남산에서 놀만한 곳,https://kin.naver.com/qna/detail.naver?d1id=9&dirId=90106&docId=482482017&qb=7J217ISg64+Z&enc=utf8
친구랑 할 게 없어요!,https://kin.naver.com/qna/detail.naver?d1id=8&dirId=807&docId=482903313&qb=7J217ISg64+Z&enc=utf8
친구랑 서울,https://kin.naver.com/qna/detail.naver?d1id=12&dirId=1201&docId=477395922&qb=7J217ISg64+Z&enc=utf8
생일에 갈만한 곳 추천해주세요,https://kin.naver.com/qna/detail.naver?d1id=9&dirId=90106&docId=480416710&qb=7J217ISg64+Z&enc=utf8
친구랑 놀만한 곳 추천해주세요!,https://kin.naver.com/qna/detail.naver?d1id=12&dirId=12150223&docId=480293168&qb=7J217ISg64+Z&enc=utf8
서울 실내 데이트코스 놀만한 곳... ,https://kin.naver.com/qna/detail.naver?d1id=12&dirId=1201&docId=479495650&qb=7J217ISg64+Z&enc=utf8
종로 데이트 어디로가는게 좋을가여,https://kin.naver.com/qna/detail.naver?d1id=12&dirId=12013757&docId=347177244&qb=7J217ISg64+Z&enc=utf8
서울 여행 플랜,https://kin.naver.com/qna/detail.naver?d1id=9&dirId=90106&docId=385110813&qb=7J217ISg64+Z&enc=utf8
"친구와 서울 여행, 도와주세요!!!",https://kin.naver.com/qna/detail.naver?d1id=12&dirId=1201&docId=316172354&qb=7J217ISg64+Z&enc=utf8
"서울,부산 놀러갈곳 정해주세용",https://kin.naver.com/qna/detail.naver?d1id=9&dirId=901&docId=480108199&qb=7J217ISg64+Z&enc=utf8
서울/경기도 혼자 갈만한 곳,https://kin.naver.com/qna/detail.naver?d1id=12&dirId=1201&docId=482750982&qb=7J217ISg64+Z&enc=utf8
"서울여행 동선,추천",https://kin.naver.com/qna/detail.naver?d1id=12&dirId=120105&docId=322085150&qb=7J217ISg64+Z&enc=utf8
서울여행 외국인,https://kin.naver.com/qna/detail.naver?d1id=12&dirId=1201&docId=327526505&qb=7J217ISg64+Z&enc=utf8
서울 여행 놀거리 추천,https://kin.naver.com/qna/detail.naver?d1id=9&dirId=90106&docId=480853191&qb=7J217ISg64+Z&enc=utf8
가족끼리 서울여행갈건데 일정 짜주세요,https://kin.naver.com/qna/detail.naver?d1id=9&dirId=90106&docId=480880680&qb=7J217ISg64+Z&enc=utf8
서울 김포 남양주,https://kin.naver.com/qna/detail.naver?d1id=12&dirId=1201&docId=478362673&qb=7J217ISg64+Z&enc=utf8
남자친구랑머할지추천,https://kin.naver.com/qna/detail.naver?d1id=12&dirId=12012725&docId=479119405&qb=7J217ISg64+Z&enc=utf8
서울 성탄절 할만한것 추천,https://kin.naver.com/qna/detail.naver?d1id=9&dirId=90106&docId=479350131&qb=7J217ISg64+Z&enc=utf8
혼자 서울 나들이,https://kin.naver.com/qna/detail.naver?d1id=12&dirId=1201&docId=311126245&qb=7J217ISg64+Z&enc=utf8
서울 가볼만한곳,https://kin.naver.com/qna/detail.naver?d1id=12&dirId=1201&docId=477346322&qb=7J217ISg64+Z&enc=utf8
한국 여행,https://kin.naver.com/qna/detail.naver?d1id=9&dirId=90106&docId=480274141&qb=7J217ISg64+Z&enc=utf8
친구끼리 서울 여행지 추천,https://kin.naver.com/qna/detail.naver?d1id=9&dirId=90106&docId=483046003&qb=7J217ISg64+Z&enc=utf8
남자혼자 서울여행,https://kin.naver.com/qna/detail.naver?d1id=9&dirId=90106&docId=480806521&qb=7J217ISg64+Z&enc=utf8
서울관광 질문,https://kin.naver.com/qna/detail.naver?d1id=12&dirId=1201&docId=323255125&qb=7J217ISg64+Z&enc=utf8
서울 북촌한옥마을과 인사동 가요.... ,https://kin.naver.com/qna/detail.naver?d1id=9&dirId=90106&docId=480124155&qb=7J217ISg64+Z&enc=utf8
서울여행을 3박4일 일정추천!,https://kin.naver.com/qna/detail.naver?d1id=12&dirId=1201&docId=318899307&qb=7J217ISg64+Z&enc=utf8
서울 여행 관련,https://kin.naver.com/qna/detail.naver?d1id=9&dirId=90106&docId=478866129&qb=7J217ISg64+Z&enc=utf8
서울 지하철 타는법,https://kin.naver.com/qna/detail.naver?d1id=12&dirId=1201&docId=480247447&qb=7J217ISg64+Z&enc=utf8
